seed_id,area,perimeter,length,width,aspect_ratio,roundness,compactness,eccentricity,mean_red,mean_green,mean_blue,mean_hue,mean_saturation,mean_value,color_variance,dark_spots_ratio,extreme_dark_ratio,yellow_ratio,brown_ratio,texture_contrast,texture_entropy,texture_homogeneity,texture_energy,texture_correlation,crack_count,total_crack_length,hole_count,hole_area_ratio,broken_edge_ratio,edge_irregularity,wrinkle_index,chip_ratio,defect_count,severe_damage_ratio,estimated_volume,density_estimate,Actual output
MOONG_001,48225.5,869.31,300.04,188.92,1.5881,0.8019,0.8508,0.7886,68.42,59.91,49.4,50.36,98.97,70.61,630.29,0.1463,0,0.6693,0.2894,99.8649,6.2317,0.4953,0.2059,0.9502,11,3494.54,7,0.0779,0.0076,0.0558,21.6853,0.0107,0,0.0845,5607204.47,116.2705,1
MOONG_002,49095,909.09,270.82,232.64,1.1641,0.7465,0.7792,0.5481,54.66,52.22,51.54,53.45,51.85,59.38,390.99,0.3572,0.0399,0.4945,0.2445,78.7943,6.0105,0.5036,0.2587,0.9482,17,2364.9,2,0.2004,0.0185,0.1314,8.9814,0.0392,0,0.2106,7674394.39,156.3172,1
MOONG_003,35202.5,862.06,267.31,163.92,1.6307,0.5953,0.8034,0.7724,49.22,43.96,48.2,68.41,70.23,56.24,432.8,0.5294,0.025,0.2218,0.3614,92.5663,5.7733,0.55,0.2624,0.9252,10,1621.92,2,0.0024,0.0384,0.204,17.6485,0.144,3,0.2346,3760816.8,106.8338,1
MOONG_004,36690,817.61,259.71,177.2,1.4657,0.6897,0.7972,0.7228,41.32,41.6,46.78,75.95,61.67,50.69,383.56,0.6864,0.1034,0.3482,0.0589,68.3182,5.7032,0.5309,0.284,0.9377,12,2232.38,0,0,0.0234,0.147,15.0378,0.0472,0,0.2839,4269955.19,116.3793,1
MOONG_005,38224.5,797.25,255.52,178.61,1.4306,0.7557,0.8376,0.7235,40.48,37.21,43.24,84.72,55.4,46.71,267.07,0.7532,0.0559,0.1207,0.3338,78.4184,5.3007,0.5568,0.2875,0.9111,1,982.35,3,0.0043,0.0241,0.0977,15.5328,0.0602,1,0.3134,4267846.18,111.6521,0
MOONG_006,58643,1210.72,296.63,255.82,1.1595,0.5027,0.7728,0.5631,79.78,67.79,77.33,67.61,85.09,92.05,870.78,0.0101,0,0.0301,0.4369,109.9947,5.8933,0.5635,0.2474,0.9596,30,2145.95,3,0.021,0.0521,0.3364,12.0249,0.0519,2,0.0259,10164049.6,173.3208,0
MOONG_007,47801.5,892.02,298.6,202.24,1.4764,0.7549,0.7916,0.7237,51.96,50.8,36.35,37.87,89.06,53,338.05,0.4882,0.0219,0.8123,0.0241,60.2192,5.7725,0.5414,0.3137,0.9564,14,2789.17,4,0.2014,0.0151,0.1015,16.1614,0.0281,0,0.2615,6394893.65,133.7802,1
MOONG_008,50352.5,950,266.14,242.18,1.0989,0.7011,0.7812,0.5548,76.5,65.36,53.57,50.57,92.5,76.52,851.77,0.0901,0,0.6484,0.6816,107.9351,6.2256,0.5257,0.2286,0.9588,17,2526.09,12,0.05,0.0248,0.1527,11.1478,0.0492,0,0.0609,8173182.18,162.3193,1
MOONG_009,27186,636.72,201.97,156.25,1.2926,0.8427,0.8615,0.6353,62.83,52.76,45.73,43.99,79.72,63.57,413.84,0.2201,0.0037,0.4944,0.6942,119.392,5.9673,0.5466,0.278,0.929,11,1760.84,2,0.1414,0.0093,0.0583,9.565,0.0109,0,0.1334,2581764.97,94.9667,1
MOONG_010,30142,742.3,215.2,186.59,1.1533,0.6874,0.7507,0.4954,54.67,46.09,31.26,19.52,123.09,54.68,566.66,0.4695,0.0555,0.7928,0.6155,117.6529,6.1447,0.4848,0.2478,0.9213,7,2980.48,2,0.0052,0.0328,0.1641,6.9501,0.0575,3,0.2016,3923082.11,130.1533,1
MOONG_011,71525,1092.55,362.86,248.02,1.463,0.753,0.7947,0.7575,73.34,64.91,50.63,18.6,85.93,73.34,511.35,0.0391,0,0.9619,0.6319,67.8887,5.9845,0.5337,0.249,0.969,23,2725.51,0,0,0.0162,0.0992,22.3838,0.0257,0,0.0214,11687326.42,163.402,1
MOONG_012,45408.5,850.42,297.53,199.82,1.489,0.789,0.7638,0.7654,98,95.93,85.24,55.24,42.94,98.99,558.86,0,0,0.6664,0.0645,115.9428,6.0457,0.5851,0.2327,0.9701,11,1739.08,0,0,0.0124,0.0734,17.9485,0.0178,0,0.0043,6220038.14,136.9796,1
MOONG_013,64676,1026.12,308.36,265.37,1.162,0.7719,0.7904,0.6054,177,162.02,130.2,20.18,66.4,177,937.91,0,0,0.6607,0.0003,209.598,5.906,0.5937,0.2271,0.9787,22,3086.72,4,0.0052,0.0171,0.103,13.3045,0.0255,0,0.0075,11369909.77,175.798,0
MOONG_014,78578.5,1143.64,365.15,260.51,1.4017,0.755,0.826,0.689,90.51,72.73,44.36,17.74,129.52,90.51,773.99,0,0,0.9025,0.5782,57.261,6.0585,0.5902,0.2825,0.9789,11,2364.85,0,0,0.0187,0.1051,19.5718,0.0616,1,0.0099,12975737.43,165.1309,0
MOONG_015,67193.5,1304.41,326.71,254.8,1.2823,0.4963,0.8072,0.6918,78.63,66.79,47.84,17.77,105.81,78.63,586.95,0.021,0,0.8917,0.758,72.6071,6.0754,0.5993,0.3087,0.9706,16,3122.79,1,0.0008,0.0588,0.3323,23.6013,0.2699,3,0.0474,11105839.56,165.2815,1
MOONG_016,7020.5,325.32,104.65,82.59,1.2671,0.8336,0.8122,0.6109,40.19,36.21,26.84,23.5,88.48,40.22,473.71,0.6937,0.4521,0.8802,0.3637,194.3496,6.0612,0.4293,0.2277,0.8349,1,378.63,0,0,0.0202,0.0641,4.4553,0.0425,0,0.2857,373780.38,53.2413,0
MOONG_017,101890.5,1948.94,501,436,1.1491,0.3371,0.4665,0.929,157.23,163.48,165.47,96.54,16.85,166.43,385,0.0006,0,0.0295,0.0006,93.423,5.5023,0.7768,0.5257,0.993,25,1728.87,4,0.0032,0.2008,0.2128,76.2743,0.1849,2,0.0598,49866530.42,489.413,1
MOONG_018,44653.5,896.48,304.24,185.57,1.6395,0.6982,0.7909,0.7973,100.92,97.39,72.75,25.42,78.34,100.94,721.75,0,0,0.8379,0.0008,124.4457,5.6752,0.5875,0.2317,0.9677,13,1683.62,0,0,0.0272,0.1196,21.3165,0.0629,1,0.0117,5485596.37,122.8481,1
MOONG_019,37516,790.1,282,170,1.6588,0.7552,0.7826,0.791,112.05,100.25,80.38,18.28,76.81,112.05,759.84,0,0,0.8993,0.3508,239.7517,6.0477,0.5247,0.2115,0.9438,10,1697.39,2,0.0057,0.0157,0.083,17.9727,0.0405,0,0.0089,4267225.3,113.7441,1
MOONG_020,43666,836.78,290.51,181.49,1.6007,0.7837,0.8282,0.8006,104.79,93.55,79.56,16.08,64.91,104.79,665.61,0,0,0.7429,0.5689,191.5583,6.0302,0.5301,0.2212,0.9517,8,2013.21,4,0.0079,0.0108,0.0651,21.4512,0.0172,0,0.0063,5010325.22,114.742,1
MOONG_021,41352,814.12,240.72,205.14,1.1734,0.784,0.8374,0.6265,128.98,108.33,67.84,19.27,121.27,128.98,1201.08,0,0,0.9009,0.0403,191.2611,6.232,0.5796,0.2985,0.9658,14,2598.2,0,0,0.0172,0.0867,11.5033,0.0212,0,0.0056,5304309.28,128.2721,0
MOONG_022,33823.5,719.35,234.78,168.19,1.3959,0.8214,0.8566,0.6863,130.41,112.62,80.09,19.14,98.25,130.41,1116.91,0,0,0.9592,0.1024,282.5249,6.3865,0.4507,0.1432,0.934,7,1682.14,6,0.0181,0.0124,0.0544,12.2032,0.0231,0,0.0102,3477482.29,102.8126,1
MOONG_023,23179.5,614.37,228,124,1.8387,0.7717,0.8199,0.8398,105.58,94.9,86.35,13.32,48.55,105.58,576.61,0,0,0.2608,0.5472,284.8164,6.0259,0.4677,0.1742,0.9197,7,1684.24,3,0.013,0.0095,0.0483,17.0173,0.0166,0,0.0075,1835594.89,79.1904,1
MOONG_024,20843.5,565.91,196.02,135.5,1.4466,0.8179,0.7847,0.743,115.82,106.82,79.67,21.59,84.84,115.82,790.03,0,0,0.9777,0.0128,281.87,6.0023,0.5243,0.2616,0.944,9,1428.68,0,0,0.0128,0.0582,12.1503,0.0206,0,0.0046,1884503.82,90.4121,1
MOONG_025,33709,748.64,274.42,150.55,1.8228,0.7558,0.8159,0.8364,114.92,105.68,83.11,20.6,75.1,114.92,759.84,0,0,0.9631,0.0724,266.5776,6.1164,0.5222,0.2409,0.9453,10,2129.47,3,0.0084,0.0123,0.0677,22.1286,0.0305,0,0.008,3256640.71,96.6104,1
MOONG_026,39080.5,793.94,284.51,172.69,1.6476,0.7791,0.7954,0.8024,145.62,132.23,105.22,19.19,73.98,145.62,864.04,0,0,0.9057,0,265.1716,6.2018,0.5845,0.2815,0.9662,13,1864.56,4,0.0127,0.0118,0.0702,21.1259,0.0185,0,0.008,4442464.8,113.6747,1
MOONG_027,52953,908.52,314,214,1.4673,0.8062,0.788,0.7353,131.56,125.39,110.36,20.23,43.4,131.56,663.48,0,0,0.8785,0.002,169.0781,6.3255,0.5695,0.1994,0.9712,13,1815.59,3,0.0023,0.0111,0.0694,17.064,0.0221,0,0.0051,7529321.07,142.1888,1
MOONG_028,57659.5,982.91,348.29,208.74,1.6685,0.75,0.7931,0.8109,135.72,122.62,90.38,20.96,87.67,135.72,1113.92,0,0,0.9729,0.002,168.4125,6.3381,0.5705,0.2316,0.9731,17,2424.81,1,0.0008,0.0234,0.0748,26.856,0.0581,1,0.0107,7945835.24,137.8062,1
MOONG_029,56357.5,994.83,361.93,195.29,1.8533,0.7156,0.7973,0.843,161.65,148.14,112.44,19.99,79.79,161.65,1238.59,0,0,0.8753,0,215.049,6.2892,0.5737,0.1906,0.9721,16,1479.98,0,0,0.0195,0.0798,27.8448,0.0383,0,0.0077,7227538.87,128.2445,0
MOONG_030,58723,986.52,354.03,200.55,1.7653,0.7582,0.8271,0.8345,126.24,116.93,90.12,21.06,76.26,126.24,833.94,0,0,0.9205,0.0382,141.931,6.2437,0.5829,0.2315,0.9745,8,2188.88,2,0.0089,0.0139,0.0687,27.6704,0.0317,0,0.0086,7455581,126.9619,1
MOONG_031,42295.5,839.6,303.64,185.18,1.6397,0.754,0.7522,0.8123,138.34,116.6,76.87,17.88,112.29,138.34,1301.81,0,0,0.7986,0.0685,195.5252,6.1894,0.6014,0.2749,0.9683,9,1304.24,0,0,0.0187,0.0727,23.859,0.0286,0,0.0066,5452047.42,128.9037,0
MOONG_032,62800,997.84,329.74,230.37,1.4314,0.7926,0.8267,0.7182,119.22,109.69,83.26,21.28,80.56,119.22,765.7,0,0,0.9429,0.0345,138.8714,6.0306,0.5539,0.1947,0.9687,13,2245.55,7,0.0058,0.0162,0.0713,18.037,0.0281,0,0.0078,9162293.23,145.8964,1
MOONG_033,72633.5,1126.96,396.91,224.85,1.7652,0.7187,0.8139,0.8289,131.08,119.49,93.7,19.1,77.29,131.08,1003.78,0,0,0.8223,0.047,117.4906,6.391,0.625,0.3376,0.9837,16,2842.62,5,0.0103,0.0182,0.0945,31.833,0.0306,0,0.0098,10507294.97,144.6618,1
MOONG_034,52334,896.41,267.93,235.96,1.1355,0.8184,0.8278,0.4886,148.93,139.56,118.99,19.57,54.73,148.93,1035.28,0,0,0.9001,0.0004,293.5703,6.3511,0.5769,0.2696,0.967,14,2325.3,2,0.0124,0.0157,0.0718,10.0875,0.028,0,0.0097,7811024.96,149.2534,1
MOONG_035,72052,1128.43,394.36,242.68,1.625,0.7111,0.7529,0.8104,154.87,131.86,93.4,17.84,101.28,154.87,1185.51,0,0,0.8479,0.0002,159.8745,6.1204,0.6131,0.2829,0.9797,16,1844.77,1,0.0014,0.0257,0.0912,29.9502,0.0456,0,0.0101,12160881.15,168.7792,0
MOONG_036,40481,800.24,240.47,212.53,1.1314,0.7944,0.7921,0.6071,153.44,144.35,122.17,20.19,54.72,153.44,896.86,0,0,0.9521,0,328.8291,6.3522,0.5721,0.2527,0.9629,12,1646.06,3,0.0044,0.0262,0.0801,10.2817,0.054,1,0.012,5687335.84,140.494,1
MOONG_037,69152,1088.69,361.56,251.2,1.4394,0.7332,0.7614,0.7739,133.57,130.12,121.45,57.24,33.46,135.33,802.39,0,0,0.6251,0.0105,160.03,6.2572,0.6023,0.2662,0.9787,16,1955.25,3,0.0016,0.0258,0.0948,24.4682,0.0636,1,0.012,11945724.47,172.7459,1
MOONG_038,52466,930.44,300.13,220.98,1.3581,0.7616,0.7911,0.6994,141.76,123.85,86.96,19.31,100.85,141.76,1217.42,0,0,0.9381,0,233.332,6.1736,0.5534,0.2051,0.9604,16,2048.17,0,0,0.0251,0.0932,15.6515,0.0523,1,0.0102,7674049.53,146.2671,0
MOONG_039,31176,706.1,236.53,175.47,1.348,0.7858,0.7511,0.7322,129.66,117.75,90.2,19.64,79.96,129.66,961.53,0,0,0.8377,0.0438,268.6159,6.3658,0.5589,0.2598,0.9565,10,1724.81,3,0.0068,0.0142,0.0729,13.5851,0.0255,0,0.0074,3813334.57,122.3164,1
MOONG_040,47450.5,920.59,310.73,195.97,1.5856,0.7036,0.7792,0.8059,115.59,105.26,86.9,18.68,67.62,115.59,794.14,0,0,0.8936,0.1933,113.5079,6.2373,0.6424,0.3329,0.9804,11,1888.36,0,0,0.0177,0.1095,23.2003,0.0409,0,0.0076,6248326.17,131.6809,1
MOONG_041,48891,896.75,288.9,224.43,1.2873,0.764,0.754,0.7493,127.64,116.43,95.77,18.37,67.88,127.64,898.82,0,0,0.8386,0.0505,146.0396,6.3202,0.5972,0.2783,0.9773,13,1744.38,0,0,0.0173,0.0847,18.4538,0.0241,0,0.0059,7619399.27,155.8446,1
MOONG_042,56076.5,959.62,295.38,246.81,1.1968,0.7652,0.7692,0.69,134.53,124.16,99.2,19.87,70.87,134.53,938.23,0,0,0.9295,0.0514,137.8349,6.4789,0.5987,0.2702,0.9802,14,2115.71,5,0.0079,0.0208,0.0968,16.1929,0.0267,0,0.0092,9421137.86,168.0051,1
MOONG_043,34118.5,737.77,264,159,1.6604,0.7877,0.8128,0.7886,123.67,126.61,118.24,55.38,22.16,127.53,693.26,0,0,0.2246,0.0001,299.2073,6.3582,0.5039,0.1811,0.947,18,1975.62,1,0.0009,0.0132,0.0579,17.3031,0.027,0,0.0056,3494594.57,102.4252,1
MOONG_044,39435.5,816.79,282.97,164.47,1.7205,0.7428,0.8474,0.8339,119.87,117.91,98.53,26.45,48.83,120.51,523.81,0,0,0.9833,0,205.2878,6.0175,0.6192,0.3578,0.9694,8,1614,1,0.0016,0.0188,0.0683,23.8217,0.0256,0,0.0068,4007756.57,101.6281,1
MOONG_045,41994,815.15,284.52,196.92,1.4449,0.7942,0.7495,0.7168,147.13,138.85,115.42,47.41,58.72,148.74,809.72,0,0,0.7118,0.0128,300.5504,6.3667,0.5543,0.2581,0.9629,10,2684.83,4,0.0175,0.0169,0.0682,15.2535,0.0281,0,0.0114,5776540.35,137.5563,0
MOONG_046,43449,811.15,235.7,227.59,1.0356,0.8298,0.81,0.322,132.94,129.87,105.73,24.16,55.28,133.18,667.96,0,0,0.9395,0,259.1857,6.2757,0.532,0.2539,0.9622,22,3128.04,2,0.0052,0.0133,0.0715,6.445,0.0141,0,0.0056,6392512.64,147.1268,1
MOONG_047,41954,825.27,281.14,191.05,1.4716,0.7741,0.7811,0.7763,156.39,150.95,123.39,23.74,56.35,156.39,835.02,0,0,0.9445,0,367.1281,6.185,0.5521,0.2208,0.9567,15,2073.59,1,0.0034,0.0191,0.0738,17.965,0.0334,0,0.0082,5373060.71,128.0703,1
MOONG_048,59623.5,980.19,312.99,251.29,1.2456,0.7798,0.7581,0.7478,148.18,149.11,141.19,58.9,30.3,153.76,686.68,0,0,0.5596,0,170.004,6.2735,0.619,0.2897,0.9825,17,2952.74,0,0,0.0162,0.0781,20.5255,0.0289,0,0.0061,10348197.6,173.559,1
MOONG_049,50414,912.87,335.43,188.86,1.7761,0.7602,0.7958,0.8168,151,140.55,122.13,18.21,51.23,151,815.48,0,0,0.8081,0,196.949,6.2819,0.5644,0.2122,0.9742,13,1959.71,5,0.0157,0.0144,0.0644,24.3961,0.0284,0,0.0104,6264347.5,124.2581,1
MOONG_050,39808.5,778.08,235.43,212.09,1.1101,0.8263,0.7973,0.478,159.27,141.08,106.47,17.76,83.44,159.27,906.25,0,0,0.7577,0.0024,267.0216,5.8668,0.5884,0.2633,0.9676,11,2281.02,4,0.0135,0.0158,0.0801,5.9833,0.0214,0,0.0093,5544801.42,139.2869,0
MOONG_051,36045.5,764.11,269.79,160.14,1.6847,0.7758,0.8343,0.8155,124.92,117.49,92.86,45.44,72.17,125.09,1031.45,0,0,0.7777,0.0093,282.5615,6.2803,0.5065,0.1715,0.9419,8,2074.24,2,0.0032,0.0117,0.0571,20.0545,0.0187,0,0.0052,3622687.07,100.5032,1
MOONG_052,38225,765.21,243.67,200.86,1.2131,0.8203,0.781,0.6772,125.3,113.18,85.28,19.12,86.57,125.3,1048.96,0,0,0.8122,0.1264,228.4003,6.5292,0.5519,0.2573,0.961,10,1995.02,4,0.0124,0.0127,0.0682,12.8116,0.0238,0,0.0086,5147249.49,134.6566,1
MOONG_053,46477.5,867.11,294.6,205.2,1.4357,0.7768,0.7688,0.7394,150.06,139.62,108.96,20.8,74.93,150.06,1218.48,0,0,0.9096,0,211.6979,6.5134,0.592,0.2386,0.9742,8,2135.85,2,0.006,0.0143,0.0688,18.5956,0.0293,0,0.0076,6495160.86,139.7485,1
MOONG_054,34101,765.15,245.22,169.31,1.4483,0.732,0.8213,0.7399,132.67,125.11,96.03,23.05,73.69,132.67,828.18,0,0,0.9585,0,329.9429,5.9537,0.5943,0.3208,0.9552,5,1517.2,2,0.0018,0.039,0.1001,16.8309,0.1173,1,0.0201,3680802.76,107.9383,1
MOONG_055,37949,777.44,225.76,208.21,1.0843,0.789,0.8073,0.65,120.52,109.02,75.46,21,104.22,120.52,1236.44,0,0,0.9274,0.0005,211.6106,6.1636,0.5848,0.3055,0.9643,10,1711.79,0,0,0.0208,0.0777,12.0307,0.0217,0,0.0063,5124356.89,135.0327,1
MOONG_056,25210,617.96,209.62,149.83,1.399,0.8296,0.8027,0.7047,80.83,76.11,73.86,29.07,22.32,80.85,399.57,0,0,0.1687,0.5961,205.7168,5.4997,0.5297,0.2705,0.9298,5,916.21,3,0.0038,0.013,0.0601,11.313,0.0274,0,0.0065,2463936.57,97.7365,0
MOONG_057,36502.5,774.22,272.35,167.71,1.624,0.7652,0.7992,0.7997,141.03,126.14,91.77,26.46,88.68,141.13,1208.53,0,0,0.7373,0.0572,222.8373,6.1799,0.594,0.3228,0.971,17,2530.57,1,0.0026,0.0185,0.0719,20.4629,0.0347,0,0.008,4010730.05,109.8755,1
MOONG_058,41920.5,820.71,273.88,193.7,1.4139,0.7821,0.7902,0.739,123.44,111.82,88.07,19.33,78.4,123.44,970.29,0,0,0.9158,0.1209,247.6756,6.352,0.5427,0.28,0.9593,11,2149.29,1,0.0011,0.0169,0.0732,16.4215,0.0324,0,0.007,5380546.59,128.3512,1
MOONG_059,52547,942.21,340.1,195.35,1.741,0.7438,0.7909,0.8286,124.8,111.44,80.42,19.91,97.92,124.8,1205.84,0,0,0.9148,0.0129,111.5952,6.3483,0.6341,0.3103,0.9821,11,3010.71,6,0.0065,0.0137,0.0723,27.3214,0.0193,0,0.0066,6796056.98,129.3329,1
MOONG_060,37227,778.58,273.54,168.55,1.6229,0.7717,0.8074,0.7905,148.93,127.07,83.31,18.56,114.11,148.93,1674.41,0,0,0.8963,0.0004,273.489,6.4197,0.5759,0.2556,0.9623,13,1632.82,2,0.0041,0.0158,0.0704,19.2852,0.0269,0,0.0071,4068825.96,109.2977,0
MOONG_061,26939.5,663.29,225.95,145.21,1.5561,0.7695,0.8211,0.7867,98.15,87.23,59.99,20.6,105.61,98.15,866.23,0,0,0.9629,0.2363,233.9499,6.2342,0.5039,0.2388,0.9349,5,1055.96,4,0.0072,0.0174,0.0706,15.575,0.044,0,0.01,2494510.72,92.5968,1
MOONG_062,34067.5,742.62,257.39,177.48,1.4502,0.7763,0.7458,0.7575,150.24,133.94,95.85,19.58,98,150.24,1489.42,0,0,0.8626,0,342.1366,6.2376,0.5803,0.2866,0.959,7,1448.4,0,0,0.0174,0.0747,16.3599,0.0262,0,0.0061,4245241.75,124.6127,1
MOONG_063,28417,646.22,193,182,1.0604,0.8551,0.809,0.3658,143.58,130.22,86.95,20.99,106.52,143.58,1472.77,0,0,0.8515,0,343.8883,5.8251,0.5386,0.1878,0.9414,6,1359.24,0,0,0.013,0.0583,5.1707,0.021,0,0.0047,3347331.37,117.7933,1
MOONG_064,32790.5,742.6,272.01,152.56,1.7829,0.7472,0.7902,0.8233,133.77,119.66,88.53,19.63,91.71,133.77,1164.29,0,0,0.8683,0.0182,334.8636,6.2493,0.5338,0.2233,0.9443,12,1894.27,4,0.0176,0.0109,0.0606,20.856,0.0198,0,0.0094,3314952.11,101.0949,1
MOONG_065,31709.5,716.74,250.36,162.63,1.5395,0.7757,0.7788,0.7954,137.37,130.01,95.5,22.86,83.53,137.37,1169.04,0,0,0.9758,0,315.2925,6.3166,0.5366,0.2228,0.9525,12,1313.08,0,0,0.0197,0.0654,16.9634,0.0302,0,0.007,3466911.97,109.3335,1
MOONG_066,38939,775.29,266.56,184.87,1.4419,0.8141,0.7902,0.7381,144.08,121.82,79.1,18.7,114.35,144.08,1361.53,0,0,0.8066,0.0003,221.8791,6.2142,0.564,0.2896,0.9674,8,2790.29,1,0.002,0.0147,0.0634,15.6451,0.0255,0,0.0061,4769950.73,122.498,0
MOONG_067,36388,869.27,282.24,165.53,1.7051,0.6051,0.7789,0.8009,111.91,95.88,63.79,18.44,115.14,111.91,1153.24,0,0,0.8251,0.3055,227.7667,6.1405,0.6009,0.3136,0.9527,14,1739.01,0,0,0.0861,0.1285,21.2947,0.1602,2,0.0332,4049054.53,111.2744,0
MOONG_068,39718,804.01,270.99,183.46,1.4771,0.7721,0.7989,0.7912,131.63,124.39,82.3,23.36,100.51,131.63,1169.02,0,0,0.9212,0,281.6567,6.0734,0.5827,0.199,0.9472,12,1306.89,0,0,0.0233,0.0732,18.0804,0.0367,0,0.0083,4775627.82,120.2384,1
MOONG_069,43141.5,841.11,309.27,178.04,1.7371,0.7663,0.7835,0.8216,113.09,100.74,70.05,20.6,103.59,113.09,1013.57,0,0,0.9364,0.0333,123.4412,6.343,0.6039,0.2496,0.9735,12,2130.83,2,0.0038,0.0112,0.0665,23.383,0.0225,0,0.0056,5132797.21,118.9759,1
MOONG_070,30576,730.84,251.62,157.62,1.5964,0.7194,0.771,0.8073,132.95,126.15,90.04,22.69,82.78,132.95,1300.45,0,0,0.8403,0.0282,337.5882,6.5171,0.5476,0.2422,0.9513,11,1832.89,0,0,0.0227,0.0782,19.7666,0.0458,0,0.0091,3273075.15,107.0472,0
MOONG_071,52850.5,961.54,328.25,201.69,1.6275,0.7183,0.7983,0.8031,112.61,108.07,92.4,46.42,53.2,112.78,934.08,0,0,0.7423,0.0747,136.7607,6.2986,0.5887,0.2804,0.9759,16,2183.6,4,0.0047,0.0206,0.0998,24.9194,0.0345,0,0.009,6991860.65,132.2951,1
MOONG_072,42515,827.61,294.09,178.59,1.6467,0.78,0.8095,0.8092,117.83,107.7,83.85,19.31,80.31,117.83,972.89,0,0,0.8037,0.0796,226.6324,6.3507,0.5259,0.2152,0.9539,14,2190.28,2,0.002,0.012,0.0644,21.8711,0.0209,0,0.0051,4911354.18,115.5205,1
MOONG_073,61154.5,1008.99,349,217.83,1.6022,0.7549,0.8044,0.79,91.34,85.93,69.08,34.37,70.91,91.36,760.07,0.0016,0,0.7894,0.0738,102.899,6.199,0.5658,0.2659,0.9717,13,2222.45,4,0.003,0.0155,0.0821,24.5053,0.0287,0,0.0075,8670509.87,141.7804,1
MOONG_074,32251,718.81,240.49,168.79,1.4248,0.7844,0.7945,0.7576,121.41,114.64,76.8,23.16,101.96,121.41,1183.57,0,0,0.9117,0,259.7302,5.8189,0.6063,0.3087,0.9572,7,1406.8,0,0,0.0186,0.0705,15.7652,0.0348,0,0.0072,3587599.51,111.2399,1
MOONG_075,24036.5,612.74,195.87,160.4,1.2211,0.8045,0.7651,0.6988,112.1,100.56,79.32,18.04,82.62,112.1,1039.94,0,0,0.8021,0.2704,251.3691,6.368,0.5298,0.253,0.9497,9,1745.17,3,0.0057,0.0193,0.0675,10.7441,0.0403,0,0.0096,2638568.96,109.7734,1
MOONG_076,80165,1145.15,333.82,286.9,1.1635,0.7682,0.837,0.5606,111.05,103.58,72.53,22.34,94.47,111.05,938.16,0,0,0.9194,0.0577,121.3541,6.3717,0.5308,0.1525,0.9656,18,2262.72,1,0.0007,0.027,0.078,17.157,0.0775,1,0.0133,14387127.72,179.4689,0
MOONG_077,38438,795.92,286.52,166.1,1.725,0.7625,0.8077,0.8222,104.07,93.13,69.12,19.36,92.85,104.07,929,0,0,0.8478,0.1571,188.5663,6.4205,0.5726,0.3333,0.96,12,1998.83,2,0.0027,0.0144,0.0676,22.4914,0.0232,0,0.006,4139022.02,107.6805,1
MOONG_078,48566.5,879.6,302.82,209.12,1.4481,0.7888,0.7669,0.7489,113.39,98.3,62.69,19.06,114.81,113.39,1123.52,0.0025,0,0.8511,0.1627,99.1705,6.3965,0.5745,0.2277,0.9761,16,2470.25,4,0.009,0.0201,0.0768,17.769,0.0448,0,0.0122,6933617.45,142.7654,0
MOONG_079,42665.5,856.08,311.98,166.63,1.8723,0.7316,0.8207,0.8546,101.01,86.93,65.23,17.24,97.8,101.01,916.22,0,0,0.8047,0.5425,129.6053,6.4287,0.5875,0.2911,0.9684,14,2539.89,4,0.006,0.0143,0.065,26.8054,0.0237,0,0.007,4535511.61,106.304,1
MOONG_080,41523,792.93,236.4,226.89,1.0419,0.8299,0.7742,0.6657,120.41,104.19,59.58,20.4,124.74,120.41,1374.78,0,0,0.949,0.1791,198.0744,6.3996,0.5228,0.2197,0.9556,13,2295.82,0,0,0.0129,0.0625,12.5363,0.0231,0,0.0049,6371990.96,153.4569,0
MOONG_081,33815,760.58,200.66,200.47,1.0009,0.7346,0.8406,0.4093,72.49,64.2,39.57,21.7,127.42,72.49,686.3,0.0178,0,0.9599,0.1543,126.2005,5.6008,0.5652,0.3003,0.9442,7,1561.06,0,0,0.0276,0.1193,6.9801,0.046,0,0.0172,4222291.18,124.8644,1
MOONG_082,23220,598.7,197.06,143.5,1.3732,0.8141,0.8211,0.6871,98.34,87.14,60.9,20.49,102.68,98.34,783.33,0,0,0.9671,0.2086,235.2809,5.9042,0.5162,0.2449,0.9336,3,851.49,3,0.0146,0.0134,0.0728,9.8506,0.0381,0,0.0109,2124732.57,91.5044,1
MOONG_083,23699.5,603.91,206.17,140.87,1.4635,0.8166,0.816,0.7562,99.78,87.06,60.74,19.64,105.69,99.78,772.73,0,0,0.9429,0.2874,223.7095,6.0567,0.5215,0.2499,0.9372,7,1455.19,2,0.009,0.0096,0.0613,13.3962,0.0231,0,0.0069,2142227.82,90.3913,1
MOONG_084,38351,763.92,241.47,190.19,1.2696,0.8258,0.8351,0.6481,118.28,101.94,54.35,21.5,142.65,118.28,1267.49,0,0,0.9541,0.011,187.0973,5.8948,0.6062,0.2958,0.9605,6,1278.33,0,0,0.012,0.0666,11.5037,0.0189,0,0.0043,4573471.56,119.253,1
MOONG_085,34878,786.84,247.92,172.86,1.4342,0.7079,0.8138,0.7351,108.65,96,65.25,20.41,109.28,108.65,1048.44,0,0,0.9463,0.1125,249.3567,6.1304,0.5026,0.1968,0.9359,8,1756.12,3,0.011,0.0269,0.1236,14.4318,0.0643,1,0.0151,3878923.15,111.214,1
MOONG_086,42593.5,852.74,294.76,180.56,1.6325,0.7361,0.8003,0.7888,146.23,123.81,68.33,20.6,135.37,146.23,1661.06,0,0,0.9849,0.0171,241.9037,5.6328,0.5581,0.2102,0.9553,10,1998.44,5,0.0049,0.0248,0.0939,19.0983,0.0442,0,0.0108,5031441.59,118.127,0
MOONG_087,35589,773.47,274.86,163.22,1.684,0.7475,0.7933,0.811,117.86,104.59,75.16,20.05,99.24,117.86,1077.92,0,0,0.9661,0.0973,263.2976,6.0464,0.5085,0.2156,0.9444,11,1678.18,4,0.0123,0.0152,0.075,19.4932,0.0279,0,0.0095,3833996.49,107.7298,1
MOONG_088,32271.5,726.32,236.93,161.44,1.4676,0.7687,0.8437,0.7501,129.17,111.99,74.47,21.07,107.93,129.18,1205.51,0,0,0.9772,0.0536,325.2415,6.3845,0.4453,0.1676,0.9279,12,3339.11,4,0.0236,0.03,0.0697,13.9847,0.0805,1,0.0211,3233173.82,100.1867,1
MOONG_089,36451.5,739.48,241.98,177.68,1.3619,0.8377,0.8478,0.6763,141.55,124.43,85.54,20.06,104.05,141.55,1195.33,0,0,0.8979,0.0025,290.1293,5.9769,0.5638,0.3079,0.9603,8,2413.85,5,0.0075,0.0103,0.0579,11.4893,0.0283,0,0.0072,3999882.67,109.7316,1
MOONG_090,48249.5,912.62,315.71,204.96,1.5403,0.728,0.7456,0.7546,175.93,153.65,105.95,19.34,100.03,175.93,1564.88,0,0,0.9393,0,178.0439,6.1669,0.5834,0.2505,0.9814,16,2412.55,1,0.0028,0.0223,0.1106,18.1901,0.0415,0,0.0094,6944549.38,143.93,0
MOONG_091,32142,718.36,255.07,157.64,1.6181,0.7827,0.7994,0.8115,114.62,102.16,72.97,19.6,100.15,114.62,1046.29,0,0,0.8532,0.084,264.7712,6.034,0.5142,0.2095,0.9395,8,1706.66,2,0.0073,0.0136,0.0583,16.6846,0.0227,0,0.0072,3318966.46,103.2595,1
MOONG_092,26315,659.35,212.35,158.12,1.343,0.7606,0.7837,0.7328,113.92,105.15,69.04,22.74,107.89,113.92,1078.48,0,0,0.9162,0.0295,254.9162,6.1328,0.567,0.3395,0.9536,5,1203.66,2,0.0046,0.0208,0.075,13.7412,0.048,0,0.0104,2779786.01,105.635,1
MOONG_093,39585,832.87,313.58,159.12,1.9708,0.7171,0.7933,0.8716,76.89,67.56,40.38,20.92,129.71,76.89,669.08,0.0054,0,0.9065,0.2491,124.7421,5.8968,0.5579,0.3033,0.9472,13,2259.09,1,0.001,0.0175,0.0703,28.9618,0.0283,0,0.0088,4157041.75,105.0156,1
MOONG_094,32499,706.1,208.4,192.75,1.0812,0.8191,0.8091,0.5629,115.86,97.93,58.08,18.99,125.37,115.86,1326.44,0,0,0.9024,0.158,182.2461,6.3236,0.5416,0.2466,0.9581,8,1533.73,2,0.0048,0.0139,0.07,8.3956,0.0137,0,0.0056,4054002.82,124.7424,1
MOONG_095,43017,851.47,298.15,173.95,1.714,0.7456,0.8294,0.8205,110.93,98.02,72.73,18.88,94.56,110.93,997.53,0,0,0.8908,0.2734,156.7688,6.2761,0.5649,0.202,0.9622,14,1647.61,2,0.0028,0.0164,0.0633,23.3328,0.0249,0,0.0066,4723744.08,109.8111,1
MOONG_096,35982,779.96,273.5,174.41,1.5682,0.7433,0.7543,0.818,138.53,115.98,71.13,18.39,120.75,138.53,1507.29,0.0002,0,0.8515,0.0853,266.6775,6.2002,0.5151,0.2409,0.9537,10,2881.69,5,0.0187,0.0179,0.0781,21.032,0.0277,0,0.012,4355989.38,121.0602,0
MOONG_097,29746,694.7,256.13,143.68,1.7826,0.7745,0.8083,0.8324,73.21,63.28,44.86,18.76,110.81,73.21,714.15,0.0637,0,0.9162,0.5679,151.1752,6.1088,0.5077,0.2113,0.9308,8,1622.61,5,0.0395,0.0099,0.0547,20.134,0.0181,0,0.0412,2768766.52,93.0803,1
MOONG_098,29866,709.81,243.91,158.37,1.5401,0.7449,0.7732,0.7792,127.81,114.05,81.09,18.37,92.61,127.81,883.2,0,0,0.7338,0.0788,240.7022,5.9677,0.5334,0.2722,0.9572,11,1811.56,2,0.0087,0.0215,0.0994,16.5922,0.0527,1,0.0122,3202968.44,107.2446,1
MOONG_099,34861,770.98,273,165,1.6545,0.737,0.7739,0.8014,85.63,77.24,57.53,19.66,94.4,85.63,863.56,0.033,0,0.8868,0.2948,169.0649,6.4575,0.4884,0.2176,0.9447,14,2737.6,3,0.0236,0.0201,0.0733,20.4797,0.0242,0,0.0267,3891608.63,111.6322,1
MOONG_100,36918.5,872.62,225.49,222.02,1.0156,0.6093,0.7374,0.5978,141.38,125.29,92.11,18.29,87.73,141.38,1611.29,0,0,0.8683,0.1183,305.2793,6.6329,0.5575,0.2741,0.9606,17,2286.67,2,0.0122,0.0871,0.1807,18.5006,0.2158,1,0.0426,5819984.43,157.6441,0
MOONG_101,48217.5,869.31,300.03,188.83,1.5889,0.8018,0.8511,0.7885,68.45,59.82,49.45,49.03,98.64,70.67,627.67,0.1415,0,0.6645,0.3042,94.2707,6.2305,0.511,0.2065,0.953,10,3416.9,5,0.082,0.0076,0.0559,21.7023,0.011,0,0.0838,5601245.21,116.1662,1
MOONG_102,49113.5,906.51,270.82,233.35,1.1606,0.751,0.7772,0.5501,54.64,52.16,51.66,53.45,50.42,59.28,389.21,0.3614,0.0427,0.4819,0.2278,72.8699,5.9957,0.5896,0.2623,0.9522,16,2003.03,1,0.0061,0.0192,0.1275,9.1964,0.0372,0,0.154,7721118.19,157.2097,1
MOONG_103,35245,845.61,268.24,163.95,1.6361,0.6194,0.8014,0.7757,49.26,43.93,48.45,69.09,69.17,56.32,433.54,0.5249,0.0261,0.2174,0.3494,85.7973,5.7645,0.6007,0.2656,0.931,12,1460.45,2,0.0046,0.0389,0.1787,17.7468,0.1513,3,0.2342,3775493.29,107.1214,1
MOONG_104,36755,802.44,260.12,178.63,1.4562,0.7173,0.791,0.7234,41.35,41.63,46.88,75.68,61.12,50.71,385.53,0.6853,0.1063,0.3511,0.0559,62.8023,5.7073,0.549,0.2836,0.9429,17,2587.33,0,0,0.0254,0.1249,14.71,0.0485,0,0.2841,4345753.06,118.2357,1
MOONG_105,38204.5,785.6,255.5,178.49,1.4315,0.7779,0.8377,0.7235,40.4,37.2,43.33,86.01,54.15,46.62,263.99,0.7517,0.0605,0.0969,0.3359,72.4286,5.3021,0.5645,0.2751,0.9164,1,932.38,1,0.0013,0.0197,0.0858,15.2103,0.042,0,0.3092,4261944.04,111.5561,0
MOONG_106,58459.5,1239.8,299.81,254.96,1.1759,0.4779,0.7648,0.5704,79.74,67.64,77.26,68.44,84.97,91.94,870.5,0.01,0,0.0288,0.4348,111.481,5.895,0.5893,0.2659,0.9601,33,2239.56,3,0.0207,0.0631,0.3655,12.2531,0.0601,5,0.0289,10204004.33,174.5483,0
MOONG_107,47790.5,896.71,298,202.2,1.4738,0.7469,0.7931,0.7217,51.79,50.85,36.52,38.25,87.76,52.86,335.84,0.4934,0.0233,0.8171,0.023,66.7085,5.7676,0.5593,0.3135,0.9516,17,2780.29,3,0.2135,0.0167,0.1076,16.1329,0.0286,0,0.2676,6379361.92,133.486,1
MOONG_108,50400,961.07,265.73,242.35,1.0964,0.6857,0.7826,0.5613,76.65,65.31,53.72,51.14,92.37,76.66,852.02,0.0852,0,0.6298,0.6841,112.6026,6.2241,0.5459,0.2251,0.9569,19,2629.33,10,0.0532,0.0263,0.1648,11.4354,0.0505,1,0.0603,8172247.98,162.1478,1
MOONG_109,27194.5,637.31,202.1,156.25,1.2935,0.8414,0.8612,0.6362,62.9,52.73,45.85,44.13,79.49,63.67,415,0.217,0.0036,0.4883,0.6949,105.5012,5.9688,0.5569,0.2782,0.9372,11,1905.58,2,0.1411,0.0094,0.0589,9.5812,0.0106,0,0.1321,2583496.67,95.0007,1
MOONG_110,30199,752.64,215.2,187.25,1.1493,0.6699,0.7494,0.4953,54.79,46.14,31.41,20.01,122.75,54.8,570.99,0.4689,0.0554,0.7847,0.6113,114.5042,6.1406,0.5139,0.2468,0.9237,12,2858.9,3,0.0058,0.0334,0.1792,6.8691,0.0755,3,0.2035,3950783.03,130.825,1
MOONG_111,71501.5,1096.65,363.35,248.13,1.4644,0.7471,0.7931,0.7571,73.51,64.68,50.65,18.15,86.28,73.51,509.96,0.0315,0,0.9626,0.702,66.6261,5.985,0.5488,0.2494,0.9696,21,2747.12,0,0,0.0162,0.1042,22.439,0.0254,0,0.0184,11713226.47,163.8179,1
MOONG_112,45372,855.35,297.51,199.52,1.4911,0.7793,0.7644,0.7647,97.88,95.86,85.33,55.9,42.35,98.87,554.69,0,0,0.6552,0.057,116.4706,6.0464,0.5853,0.2333,0.9699,10,1729.31,1,0.0008,0.0124,0.0802,17.5771,0.0233,0,0.005,6201199.99,136.6746,1
MOONG_113,64638,1024.12,308.45,265.2,1.1631,0.7745,0.7902,0.6072,177.02,162.01,130.13,20.07,66.48,177.02,941.11,0,0,0.6651,0.0003,195.0238,5.9103,0.6015,0.2226,0.9799,24,3014.84,5,0.0052,0.0173,0.1015,13.6612,0.0248,0,0.0075,11358389.22,175.7231,0
MOONG_114,78595.5,1150.82,365.37,260.73,1.4014,0.7458,0.825,0.6848,90.58,72.66,44.45,17.65,129.34,90.58,773.63,0,0,0.8973,0.5763,65.0077,6.0595,0.584,0.2819,0.976,13,2577.01,0,0,0.0207,0.111,19.2579,0.0692,1,0.0111,13004772.95,165.4646,0
MOONG_115,67193.5,1301.24,327.25,255.1,1.2829,0.4987,0.8049,0.6922,78.67,66.71,47.99,17.55,105.47,78.67,584.87,0.0198,0,0.8775,0.7476,74.2139,6.0782,0.5972,0.3087,0.9699,18,2961.31,1,0.0008,0.0586,0.3302,24.2133,0.2779,3,0.0477,11150397.53,165.9446,1
MOONG_116,7010.5,325.32,104.36,82.63,1.2629,0.8324,0.8129,0.6122,40.02,36.21,26.82,26.02,88.66,40.07,468.26,0.6971,0.4523,0.8782,0.3147,197.1395,6.0404,0.4601,0.2289,0.8311,1,430.61,0,0,0.0196,0.065,4.4405,0.0424,0,0.287,373128.07,53.2242,0
MOONG_117,101799,1991.33,501,431,1.1624,0.3226,0.4714,0.9325,157.46,163.35,165.37,97.01,16.35,166.33,382.92,0.0005,0,0.029,0.0007,114.5197,5.5007,0.792,0.5202,0.9914,22,1478.5,4,0.0048,0.199,0.2439,73.7038,0.1816,2,0.0596,48729360.57,478.6821,1
MOONG_118,44646,889.41,304.02,185.55,1.6385,0.7092,0.7915,0.7973,100.81,97.39,72.84,25.93,77.85,100.83,718.83,0,0,0.8399,0.0007,119.1336,5.6819,0.5977,0.2322,0.9691,11,1644.41,0,0,0.0278,0.1109,20.9345,0.0633,1,0.0119,5480243.63,122.7488,1
MOONG_119,37484.5,802.2,282,170,1.6588,0.732,0.7819,0.7948,112.15,100.17,80.33,18.13,77.11,112.15,761.39,0,0,0.9036,0.3488,243.042,6.0516,0.5368,0.2121,0.9431,9,1664.45,3,0.0068,0.0178,0.0991,18.2772,0.0415,0,0.0097,4267225.3,113.8397,1
MOONG_120,43671.5,840.54,290.34,181.49,1.5997,0.7768,0.8288,0.7997,104.93,93.47,79.74,15.75,64.73,104.93,664.68,0,0,0.7128,0.5666,213.3918,6.0306,0.5372,0.2206,0.9462,8,1886.09,2,0.0081,0.0115,0.0697,21.0733,0.0197,0,0.0067,5007327.49,114.6589,1
MOONG_121,41357,822.12,240.75,205.24,1.173,0.7689,0.837,0.6281,129.01,108.29,67.91,19.2,121.19,129.01,1200.39,0,0,0.8937,0.0398,192.4008,6.2326,0.581,0.3009,0.9658,20,2740.63,0,0,0.0179,0.0962,11.3861,0.022,0,0.0058,5309929.63,128.3925,0
MOONG_122,33823,727.59,235.12,167.74,1.4017,0.8029,0.8576,0.6869,130.42,112.61,80.19,19.1,98.06,130.42,1115.4,0,0,0.9591,0.1012,272.221,6.3887,0.4554,0.1433,0.9364,8,1685.59,6,0.019,0.0154,0.0646,12.2485,0.0397,0,0.0127,3463972.04,102.4147,1
MOONG_123,23187,613.79,228,124,1.8387,0.7734,0.8201,0.8397,105.77,94.77,86.4,12.23,48.85,105.77,582.76,0,0,0.226,0.5326,272.1867,6.0306,0.4663,0.1743,0.9233,7,1522.45,3,0.0136,0.0099,0.0468,16.9775,0.0161,0,0.0077,1835594.89,79.1648,1
MOONG_124,20864,567.67,196.09,135.9,1.4429,0.8136,0.7829,0.7431,116.02,106.7,79.75,21.23,84.96,116.02,790.09,0,0,0.9654,0.0121,252.2004,6.0072,0.5384,0.2616,0.9499,11,1443.7,0,0,0.014,0.0609,12.0724,0.0206,0,0.0049,1896248.18,90.8861,1
MOONG_125,33705.5,749.23,274.4,150.56,1.8226,0.7545,0.8159,0.8365,115.07,105.5,83.17,20.19,75.22,115.07,760.04,0,0,0.9419,0.0881,239.4353,6.1182,0.5317,0.2416,0.9508,8,2199.11,2,0.006,0.0129,0.0684,22.0034,0.029,0,0.0073,3256810.7,96.6255,1
MOONG_126,39097.5,797.45,285.32,172.69,1.6522,0.7726,0.7935,0.8035,145.7,132.22,105.22,18.87,74.11,145.7,867.24,0,0,0.8801,0,306.3382,6.2043,0.5854,0.2805,0.9609,11,1854.97,4,0.0129,0.0128,0.0737,20.7254,0.0169,0,0.0081,4455468.61,113.9579,1
MOONG_127,52967.5,915.11,315,214,1.472,0.7948,0.7858,0.7375,131.74,125.23,110.49,19.71,43.47,131.74,664.28,0,0,0.8706,0.0032,169.7117,6.3262,0.5795,0.2015,0.9713,15,1848.66,3,0.0027,0.0122,0.0763,17.5855,0.0228,0,0.0055,7553299.8,142.6025,1
MOONG_128,57633.5,988.08,348.29,208.74,1.6685,0.7418,0.7927,0.8128,135.88,122.46,90.41,20.62,87.83,135.88,1113.25,0,0,0.9604,0.0022,162.3882,6.339,0.5756,0.2321,0.9741,19,2340.66,1,0.0005,0.0246,0.08,26.7606,0.0581,1,0.0109,7945835.24,137.8683,1
MOONG_129,56334.5,1002.83,362.34,195.29,1.8554,0.7039,0.7961,0.8433,161.85,147.89,112.63,19.37,79.76,161.85,1239.49,0,0,0.804,0,239.1827,6.2949,0.5714,0.1921,0.9691,14,1426.08,0,0,0.0214,0.0875,27.325,0.0393,0,0.0082,7235560.58,128.4392,0
MOONG_130,58744.5,987.11,354.18,200.52,1.7663,0.7576,0.8271,0.8349,126.48,116.74,90.29,20.56,76.25,126.48,834.06,0,0,0.9049,0.0403,159.5719,6.2444,0.5765,0.2287,0.9711,10,2112.8,1,0.0084,0.013,0.0702,28.1104,0.0305,0,0.0082,7456753,126.9353,1
MOONG_131,42322.5,845.11,303.66,185.22,1.6394,0.7447,0.7525,0.8124,138.43,116.6,76.96,17.68,112.27,138.43,1305.7,0,0,0.781,0.0678,232.6846,6.1878,0.6278,0.2738,0.9623,9,1400.7,0,0,0.0204,0.0774,23.6157,0.0286,0,0.007,5454523.97,128.88,0
MOONG_132,62786,1000.18,330.61,229.75,1.439,0.7887,0.8266,0.7205,119.35,109.59,83.35,21.06,80.52,119.35,763.62,0,0,0.9412,0.0353,143.5602,6.0302,0.5554,0.1949,0.9677,12,2139.34,7,0.0056,0.0167,0.0735,18.2904,0.0271,0,0.0077,9137276.51,145.5305,1
MOONG_133,72650,1128.71,395.9,225.42,1.7562,0.7166,0.814,0.8302,131.22,119.42,93.85,18.71,77.25,131.22,1006.88,0,0,0.7953,0.0473,147.6398,6.3938,0.6156,0.3369,0.9795,18,2953.71,5,0.0107,0.019,0.0955,31.9786,0.0312,0,0.0101,10533739.1,144.993,1
MOONG_134,52333,898.75,267.41,235.96,1.1332,0.8142,0.8294,0.4981,149.19,139.38,119.05,19.13,54.97,149.19,1036.33,0,0,0.8973,0.0003,285.9061,6.3541,0.5782,0.2697,0.9678,13,2432.76,4,0.0114,0.0154,0.0748,10.2269,0.0288,0,0.0094,7795866.28,148.9665,1
MOONG_135,72102,1132.77,394.26,243.02,1.6223,0.7061,0.7525,0.811,154.96,131.85,93.52,17.77,101.19,154.96,1186.02,0,0,0.8427,0.0002,162.9727,6.1181,0.6134,0.2853,0.9794,17,1955.32,1,0.0013,0.0263,0.0949,29.8216,0.0459,0,0.0102,12191696.21,169.0896,0
MOONG_136,40472.5,803.17,240.16,212.77,1.1287,0.7884,0.792,0.6154,153.66,144.22,122.17,19.82,55,153.66,898.7,0,0,0.9358,0,334.3676,6.3536,0.5732,0.2527,0.9623,10,1732.83,4,0.0039,0.0262,0.0842,10.4708,0.0537,1,0.0118,5692965.54,140.6626,1
MOONG_137,69146.5,1088.93,363.25,251.21,1.446,0.7328,0.7577,0.7687,133.65,130.02,121.59,57.62,33.53,135.49,801.33,0,0,0.6122,0.0116,164.2758,6.2472,0.6183,0.2683,0.9782,16,1952.35,2,0.0026,0.0264,0.0951,24.134,0.0636,1,0.0124,12002849.38,173.5858,1
MOONG_138,52456,932.44,300.96,221.27,1.3601,0.7582,0.7877,0.7026,141.85,123.76,86.9,19.17,101.08,141.85,1217.9,0,0,0.9318,0,232.4823,6.1768,0.5615,0.2079,0.9608,17,2015.16,0,0,0.0271,0.0943,15.7495,0.0566,1,0.0111,7715175.21,147.079,0
MOONG_139,31177.5,707.85,235.46,176.68,1.3327,0.7819,0.7494,0.7303,129.81,117.64,90.32,19.3,79.97,129.81,961.51,0,0,0.828,0.0456,260.0823,6.3658,0.5692,0.26,0.9579,7,1824,2,0.0023,0.0149,0.0756,13.2796,0.0262,0,0.0063,3848556.96,123.4402,1
MOONG_140,47477.5,912.45,311.83,195.16,1.5978,0.7166,0.7801,0.8078,115.77,105.2,87.09,18.4,67.47,115.77,793.67,0,0,0.8858,0.2024,142.3201,6.2465,0.6469,0.3268,0.9753,9,1801.73,0,0,0.0166,0.1014,23.2693,0.0378,0,0.0071,6218853.82,130.9853,1
MOONG_141,48949.5,902.02,289.42,224.43,1.2896,0.756,0.7536,0.747,127.83,116.41,96.03,18.01,67.68,127.83,902.95,0,0,0.8129,0.0519,147.6991,6.3235,0.6032,0.2775,0.977,14,1874.74,0,0,0.0163,0.0907,18.0698,0.0232,0,0.0056,7633110.72,155.9385,1
MOONG_142,56069,964.55,307.23,237.22,1.2951,0.7573,0.7693,0.693,134.73,124.02,99.28,19.39,70.97,134.73,940.67,0,0,0.9039,0.0501,145.6807,6.48,0.6066,0.2701,0.9791,16,2160.53,5,0.0077,0.0218,0.1015,16.3125,0.0277,0,0.0094,9052573.06,161.4542,1
MOONG_143,34128.5,740.11,264.68,158.59,1.669,0.7829,0.8131,0.7894,123.72,126.62,118.31,55.61,21.97,127.54,693.2,0,0,0.2191,0.0002,309.0348,6.3602,0.508,0.1808,0.9453,19,1904.09,1,0.0009,0.0142,0.0605,17.3294,0.0342,0,0.0065,3485532.5,102.1297,1
MOONG_144,39434,815.03,283.67,163.91,1.7306,0.746,0.8481,0.8326,119.69,117.86,98.71,26.55,48.33,120.44,521.47,0,0,0.9784,0,240.8638,6.0191,0.6167,0.3572,0.964,7,1634.77,1,0.0021,0.0191,0.0659,23.8263,0.0257,0,0.007,3990499.65,101.1944,1
MOONG_145,41981.5,818.91,284.52,196.92,1.4449,0.7867,0.7493,0.7162,147.16,138.86,115.47,47.56,58.81,148.82,813.37,0,0,0.7114,0.0105,291.3983,6.3674,0.5655,0.2585,0.964,12,2606.29,5,0.02,0.0178,0.0725,15.161,0.0287,0,0.0124,5776540.35,137.5973,0
MOONG_146,43435.5,812.77,235.27,227.59,1.0337,0.8263,0.8112,0.2921,132.99,129.67,106.07,23.58,54.78,133.24,666.36,0,0,0.8442,0,256.1225,6.2777,0.5389,0.2512,0.9624,19,3053.91,1,0.0034,0.0132,0.0743,6.1104,0.0163,0,0.0053,6380629.82,146.899,1
MOONG_147,41986,824.1,280.96,191.36,1.4682,0.7769,0.7809,0.7749,156.62,150.78,123.75,23.23,56.09,156.63,835.93,0,0,0.9021,0,375.3502,6.1893,0.5637,0.2203,0.9557,14,2094.67,4,0.0052,0.019,0.0724,17.8485,0.0343,0,0.0088,5386964.52,128.3038,1
MOONG_148,59599.5,976.53,313.18,251.11,1.2472,0.7854,0.7578,0.7469,148.24,149.03,141.38,59.07,29.92,153.78,685.71,0,0,0.5628,0,200.3118,6.2654,0.6281,0.2873,0.9793,13,2960.81,0,0,0.0155,0.0744,20.2227,0.0289,0,0.006,10340130.25,173.4936,1
MOONG_149,50438,912.04,335.43,188.86,1.7761,0.762,0.7962,0.8132,151.16,140.47,122.32,17.78,51.18,151.16,821.05,0,0,0.8053,0,213.8112,6.2896,0.5652,0.2113,0.972,17,2109.8,5,0.0158,0.0141,0.0633,24.1388,0.0284,0,0.0104,6264347.5,124.199,1
MOONG_150,39761,777.49,236.17,210.72,1.1208,0.8266,0.799,0.4855,159.37,140.96,106.51,17.45,83.47,159.37,908.17,0,0,0.7475,0.0022,278.3216,5.8657,0.5876,0.2639,0.9663,9,2323.27,3,0.0129,0.0164,0.0796,6.1887,0.0206,0,0.0092,5490761.87,138.0942,0
MOONG_151,36033.5,765.97,269.64,160.14,1.6838,0.7718,0.8345,0.8142,124.86,117.49,92.87,44.99,72.01,125.03,1030.6,0,0,0.776,0.0129,309.5853,6.2825,0.5086,0.1712,0.9363,12,1760.41,2,0.0047,0.0126,0.059,19.7279,0.0179,0,0.0057,3620704.43,100.4816,1
MOONG_152,38222.5,769.8,243.6,200.9,1.2126,0.8105,0.781,0.6759,125.29,113.16,85.33,19,86.5,125.29,1049.34,0,0,0.7983,0.1228,264.3187,6.5317,0.5517,0.2598,0.9551,12,2058.16,3,0.0144,0.0138,0.0735,12.7797,0.0238,0,0.0095,5147949.81,134.6838,1
MOONG_153,46488.5,865.94,294.31,205.65,1.4312,0.7791,0.7681,0.7436,150.19,139.6,109.02,20.64,74.98,150.19,1219.89,0,0,0.8962,0,211.1355,6.5159,0.593,0.2364,0.9741,8,2181.13,1,0.0061,0.0149,0.0676,18.8252,0.0297,0,0.0078,6517032.55,140.1859,1
MOONG_154,34121.5,768.91,245.12,169.35,1.4474,0.7253,0.822,0.7426,132.9,124.97,96.23,22.66,73.61,132.9,828.24,0,0,0.944,0,301.4625,5.9578,0.6033,0.3209,0.9591,6,1672.08,3,0.004,0.0396,0.1045,17.0554,0.117,1,0.0208,3680994.92,107.879,1
MOONG_155,37945.5,780.36,225.78,208.9,1.0808,0.783,0.8045,0.6488,120.59,108.99,75.52,20.89,104.17,120.59,1235.67,0,0,0.9207,0.0014,208.1653,6.1662,0.593,0.3055,0.9649,11,1595.04,0,0,0.0214,0.0816,12.1048,0.0214,0,0.0064,5159176.28,135.9628,1
MOONG_156,25213,616.78,209.19,149.83,1.3962,0.8329,0.8044,0.7061,80.69,76.11,74.05,22.23,21.04,80.7,399.14,0,0,0.1812,0.6135,227.7888,5.5028,0.5292,0.2698,0.9222,5,899.62,3,0.0044,0.0124,0.0584,11.2926,0.0274,0,0.0065,2458904.72,97.5253,0
MOONG_157,36471.5,775.39,273.68,166.74,1.6414,0.7623,0.7992,0.8014,141,126.14,91.78,25.91,88.58,141.09,1207.32,0,0,0.746,0.0549,266.8934,6.1794,0.5974,0.3226,0.9653,14,2762.95,1,0.0022,0.0193,0.0738,20.5246,0.0349,0,0.008,3984072.57,109.238,1
MOONG_158,41909,822.47,273.64,193.7,1.4127,0.7785,0.7907,0.7404,123.51,111.73,88.15,19.15,78.26,123.51,967.46,0,0,0.9048,0.1249,246.659,6.349,0.5724,0.2804,0.9595,11,2167.94,2,0.0024,0.0168,0.0754,16.6081,0.0328,0,0.0074,5375947.48,128.2767,1
MOONG_159,52534.5,942.79,339.86,195.48,1.7386,0.7427,0.7908,0.8286,124.77,111.43,80.35,19.88,98.03,124.77,1206.84,0,0,0.8949,0.0123,139.1083,6.3506,0.6258,0.3096,0.9777,15,2937.91,4,0.0042,0.0141,0.0729,27.2401,0.0193,0,0.006,6799726.45,129.4335,1
MOONG_160,37204.5,783.17,272.9,168.55,1.6191,0.7622,0.8088,0.7908,149.05,126.97,83.3,18.4,114.26,149.05,1673.17,0,0,0.8791,0.0005,302.6224,6.4211,0.5827,0.2593,0.9586,15,1579.32,2,0.0031,0.0167,0.0765,19.2936,0.0269,0,0.0069,4059417.96,109.1109,0
MOONG_161,26909,661.87,224.83,145.28,1.5476,0.7719,0.8238,0.7825,98.19,87.1,59.97,20.46,105.67,98.19,863.08,0,0,0.9515,0.2296,219.3357,6.2294,0.528,0.2371,0.9385,5,1016.89,3,0.0061,0.017,0.0692,15.4752,0.044,0,0.0096,2484578.04,92.3326,1
MOONG_162,34052.5,743.8,259.41,176.73,1.4679,0.7735,0.7428,0.7573,150.39,133.84,95.85,19.47,98.13,150.39,1489.12,0,0,0.8586,0,297.8781,6.2392,0.5921,0.2877,0.9643,12,1457.78,1,0.0009,0.019,0.0761,16.363,0.0263,0,0.0067,4242157.83,124.577,1
MOONG_163,28419.5,647.97,193,182,1.0604,0.8506,0.8091,0.363,143.66,130.17,87,20.85,106.53,143.66,1473.02,0,0,0.8489,0,345.6969,5.8297,0.5402,0.1877,0.9411,5,1315.86,0,0,0.0136,0.0613,5.0605,0.0225,0,0.005,3347331.37,117.7829,1
MOONG_164,32794.5,742.6,271.76,152.56,1.7813,0.7473,0.791,0.8256,134.02,119.62,88.54,19.43,91.95,134.02,1168.62,0,0,0.8585,0.0179,317.6638,6.2517,0.5418,0.2236,0.9472,11,1806.06,6,0.0158,0.0113,0.0606,21.0376,0.0215,0,0.0091,3311929.18,100.9904,1
MOONG_165,31707,719.33,249.99,163.06,1.5331,0.77,0.7778,0.7959,137.56,129.88,95.52,22.59,83.73,137.56,1168.38,0,0,0.9677,0,315.534,6.3205,0.5326,0.2228,0.9524,13,1711.19,0,0,0.0202,0.0691,17.034,0.0302,0,0.0071,3480390.79,109.7673,1
MOONG_166,38922.5,777.05,267.04,184.69,1.4459,0.81,0.7892,0.7382,144.25,121.72,79.21,18.53,114.3,144.25,1362,0,0,0.7996,0.0003,251.338,6.2146,0.5603,0.2892,0.9631,8,2697.58,1,0.0021,0.0153,0.0657,15.7442,0.0246,0,0.0062,4769265.23,122.5323,0
MOONG_167,36387.5,871.85,283.22,165.53,1.711,0.6016,0.7762,0.8005,112.13,95.75,63.85,18.24,115.23,112.13,1153.32,0,0,0.8113,0.3279,238.9586,6.1418,0.609,0.3134,0.9503,14,1813.53,0,0,0.0863,0.1311,21.4052,0.1583,2,0.0331,4063110.93,111.6623,0
MOONG_168,39695,802.84,271.73,182.92,1.4855,0.7739,0.7986,0.7883,131.73,124.25,82.34,22.99,100.6,131.73,1170.51,0,0,0.9032,0,292.9683,6.0725,0.6059,0.1997,0.9451,12,1263.92,0,0,0.0236,0.0716,17.9028,0.0368,0,0.0084,4760749.25,119.9332,1
MOONG_169,43151,843.7,309.59,178.04,1.7389,0.7618,0.7829,0.8216,113.17,100.72,70.07,20.52,103.69,113.17,1015.18,0,0,0.9217,0.0375,136.5104,6.3464,0.6016,0.249,0.9707,11,2000.54,2,0.0033,0.0106,0.0688,23.6826,0.0235,0,0.0054,5138045.9,119.0713,1
MOONG_170,30589,733.67,251.62,157.74,1.5952,0.7141,0.7707,0.8072,133.08,126.04,90.17,22.22,82.78,133.08,1304.24,0,0,0.8168,0.0251,366.3757,6.5188,0.5482,0.2415,0.9471,10,1876.2,0,0,0.024,0.0815,19.9187,0.0462,0,0.0094,3277929.54,107.1604,0
MOONG_171,52900,976.47,330.04,202.14,1.6327,0.6972,0.7929,0.8028,112.62,108.12,92.48,46.6,53.06,112.81,936.28,0,0,0.7409,0.0791,118.3068,6.2843,0.5972,0.2868,0.9793,16,2425.63,2,0.0032,0.0232,0.113,24.7946,0.0301,0,0.0086,7061172.25,133.4815,1
MOONG_172,42549,828.78,294.85,178.59,1.651,0.7784,0.808,0.8086,117.91,107.63,83.98,19.04,80.17,117.91,974.32,0,0,0.8042,0.0771,211.0869,6.3536,0.5297,0.215,0.957,15,2380.3,2,0.0022,0.0124,0.0653,21.7178,0.0209,0,0.0052,4924037.84,115.7263,1
MOONG_173,61108,1005.58,348.47,217.18,1.6045,0.7594,0.8074,0.7891,91.36,85.84,69.1,34.82,70.82,91.39,757.34,0.0012,0,0.7854,0.0963,90.3386,6.1953,0.5935,0.2652,0.9751,15,2140.13,4,0.0041,0.0161,0.0785,24.8218,0.0287,0,0.0078,8606169.72,140.8354,1
MOONG_174,32260,718.81,241.1,169.05,1.4262,0.7846,0.7915,0.7576,121.53,114.56,76.94,22.96,101.8,121.53,1181.79,0,0,0.9117,0,229.9951,5.8209,0.6116,0.3092,0.9621,6,1369.9,0,0,0.0189,0.0699,15.835,0.0353,0,0.0073,3607853.75,111.8368,1
MOONG_175,24043.5,614.74,195.87,160.4,1.2211,0.7995,0.7653,0.6976,112.16,100.49,79.53,17.79,82.21,112.16,1036.5,0,0,0.8041,0.2625,261.0737,6.3677,0.5241,0.257,0.9482,13,1745.37,3,0.0054,0.02,0.0707,10.6734,0.0403,0,0.0097,2638568.96,109.7415,1
MOONG_176,80155,1145.98,333.82,286.9,1.1635,0.767,0.8369,0.5535,111.25,103.42,72.57,21.93,94.71,111.25,939.44,0,0,0.8866,0.0641,111.8189,6.3761,0.5311,0.1525,0.9683,18,2327.31,1,0.0007,0.027,0.0791,16.9715,0.0775,1,0.0134,14387124.66,179.4913,0
MOONG_177,38461,797.92,286.52,166.1,1.725,0.7591,0.8082,0.8233,104.18,93.03,69.35,18.84,92.61,104.18,930.36,0,0,0.8019,0.1541,162.3903,6.4207,0.5838,0.3336,0.9656,13,2246.52,2,0.003,0.0139,0.07,22.6351,0.0232,0,0.006,4139022.02,107.6161,1
MOONG_178,48554,884.52,302.66,208.95,1.4485,0.7799,0.7678,0.7491,113.57,98.1,63.03,18.3,114.35,113.57,1123.74,0.0028,0,0.7378,0.162,100.9332,6.3982,0.5701,0.2276,0.9757,13,2316.3,5,0.0104,0.0205,0.0829,17.9313,0.0441,0,0.0128,6918962.64,142.5004,0
MOONG_179,42687,856.32,311.99,166.72,1.8714,0.7315,0.8207,0.8564,101.22,86.81,65.53,16.71,97.37,101.22,917.13,0,0,0.7523,0.5345,114.0186,6.4328,0.5922,0.2944,0.9723,14,2723.02,3,0.0047,0.0145,0.065,27.9329,0.0228,0,0.0066,4540534.08,106.3681,1
MOONG_180,41544,796.93,267.17,200.96,1.3295,0.822,0.7738,0.6637,120.43,104.13,59.68,20.09,124.66,120.43,1375.16,0,0,0.9118,0.1775,183.7401,6.4018,0.5318,0.2227,0.9591,16,2216.29,0,0,0.014,0.0668,12.4799,0.0273,0,0.0055,5649278.18,135.983,0
MOONG_181,33851.5,762.34,201.03,200.25,1.0039,0.732,0.8409,0.4219,72.73,64.04,39.9,21.15,126.78,72.73,687.56,0.0161,0,0.9159,0.1592,125.8732,5.6075,0.5705,0.3025,0.9446,7,1657.66,0,0,0.0278,0.1209,7.1277,0.0412,0,0.0161,4221133.09,124.6956,1
MOONG_182,23225,598.7,197.06,143.5,1.3732,0.8142,0.8213,0.6857,98.46,87.05,61.07,20.26,102.45,98.46,782.86,0,0,0.9515,0.2185,245.2204,5.9091,0.5159,0.2446,0.9308,1,848.57,2,0.0129,0.0129,0.0728,9.8116,0.0345,0,0.0099,2124733.02,91.4847,1
MOONG_183,23700.5,603.91,206.61,140.87,1.4667,0.8166,0.8143,0.7566,99.84,87.01,60.83,19.53,105.51,99.84,771.68,0,0,0.9373,0.2855,242.2524,6.0574,0.5186,0.2494,0.9319,4,1470.92,2,0.0079,0.01,0.0609,13.3512,0.0223,0,0.0066,2146874.8,90.5835,1
MOONG_184,38353,762.75,241.81,190.19,1.2714,0.8284,0.8339,0.6452,118.52,101.85,54.41,21.34,142.67,118.52,1268.61,0,0,0.9471,0.0112,198.3303,5.8897,0.639,0.2961,0.9581,5,1265.16,0,0,0.0128,0.0645,11.4593,0.0218,0,0.0047,4579967.77,119.4162,1
MOONG_185,34902,793.67,247.67,173.08,1.4309,0.6963,0.8142,0.735,108.73,96,65.38,20.27,109.1,108.73,1050.43,0,0,0.9449,0.1189,265.3103,6.1324,0.51,0.196,0.9318,7,1795.95,2,0.0118,0.0269,0.133,14.4961,0.0585,1,0.0148,3884904,111.3089,1
MOONG_186,42590.5,856.74,294.66,180.66,1.631,0.7292,0.8001,0.789,146.23,123.74,68.29,20.57,135.44,146.23,1661.41,0,0,0.9813,0.0176,256.0386,5.6362,0.561,0.2099,0.9527,11,1762.18,4,0.0063,0.0263,0.0983,18.9123,0.0442,0,0.0116,5035532.15,118.2313,0
MOONG_187,35614.5,773.03,274.73,163.34,1.682,0.7489,0.7937,0.8102,117.94,104.6,75.16,19.94,99.38,117.94,1081.38,0,0,0.9576,0.0997,270.0413,6.0494,0.5167,0.2152,0.943,7,1566.86,4,0.0119,0.0166,0.0741,19.5666,0.0277,0,0.0096,3837658.45,107.7555,1
MOONG_188,32267,725.73,236.93,161.44,1.4676,0.7699,0.8436,0.749,129.24,111.94,74.5,21,107.93,129.25,1205.94,0,0,0.9709,0.055,318.1622,6.3844,0.4542,0.1679,0.9295,9,3533.17,6,0.0255,0.0295,0.069,13.9638,0.0792,1,0.0215,3233173.82,100.2006,1
MOONG_189,36449,742.06,241.98,177.68,1.3619,0.8318,0.8478,0.677,141.61,124.38,85.56,19.96,104.06,141.61,1198.51,0,0,0.9039,0.0026,261.0869,5.979,0.5722,0.3084,0.9643,8,2187.36,4,0.0065,0.0106,0.0615,11.6231,0.0301,0,0.0071,3999883.36,109.7392,1
MOONG_190,48272.5,916.28,316.37,205.24,1.5414,0.7225,0.7434,0.7554,176.01,153.59,105.99,19.2,100.03,176.01,1567.62,0,0,0.9346,0,198.919,6.1689,0.5796,0.2518,0.9793,20,2824.23,1,0.0027,0.0222,0.1146,18.3602,0.0403,0,0.0093,6977768.11,144.5495,0
MOONG_191,32114,721.87,255.04,157.53,1.619,0.7744,0.7993,0.8133,114.61,102.1,73,19.34,100.13,114.61,1047.34,0,0,0.8489,0.0833,261.1349,6.0314,0.5291,0.2105,0.9404,9,1654.17,2,0.0082,0.0142,0.0635,17.0222,0.023,0,0.0076,3313936.74,103.1929,1
MOONG_192,26307.5,658.42,216.25,155.18,1.3936,0.7626,0.7839,0.74,114.03,105.07,69.13,22.51,107.83,114.03,1076.36,0,0,0.9195,0.0298,232.0341,6.1279,0.5949,0.3431,0.9579,9,2316.87,2,0.0046,0.0209,0.0726,14.2595,0.0489,0,0.0105,2726709.36,103.6476,1
MOONG_193,39592.5,829.8,313.58,159.12,1.9708,0.7226,0.7935,0.8716,76.99,67.47,40.43,20.68,129.71,76.99,668.6,0.0052,0,0.9212,0.2831,106.7885,5.898,0.5606,0.3017,0.9547,12,2157.67,1,0.0008,0.0172,0.0667,29.2025,0.0283,0,0.0086,4157041.75,104.9957,1
MOONG_194,32488.5,705.51,208.4,192.75,1.0812,0.8202,0.8088,0.5651,116.01,97.75,58.15,18.51,125.46,116.01,1328.66,0,0,0.8505,0.1581,186.8242,6.3236,0.5371,0.2467,0.957,8,1548.66,2,0.0036,0.0135,0.0694,8.4184,0.0137,0,0.0052,4054002.82,124.7827,1
MOONG_195,43027.5,854.4,299.54,173.77,1.7238,0.7407,0.8266,0.8225,111.05,97.89,72.76,18.44,94.73,111.05,998.85,0,0,0.867,0.2661,149.9628,6.2785,0.5604,0.2019,0.9638,11,1647.75,2,0.0035,0.0174,0.0666,23.0929,0.0284,0,0.0074,4736111.28,110.0717,1
MOONG_196,35984,779.13,273.5,174.39,1.5683,0.7449,0.7545,0.8173,138.71,115.84,71.28,18,120.67,138.71,1510.55,0.0002,0,0.8106,0.0844,238.8293,6.202,0.5158,0.2415,0.9585,14,3054.12,6,0.0187,0.0181,0.0768,21.2016,0.0277,0,0.0121,4355081.64,121.0283,0
MOONG_197,29746.5,698.8,255.84,143.92,1.7776,0.7655,0.8079,0.8316,73.36,63.14,45.05,18.28,110.49,73.36,714.48,0.0603,0,0.8961,0.5843,140.9122,6.1093,0.5098,0.2115,0.9356,9,1581.67,6,0.0385,0.0106,0.0606,20.2164,0.0197,0,0.0397,2774698.8,93.2782,1
MOONG_198,29847.5,709.23,244.03,157.56,1.5488,0.7457,0.7763,0.778,127.9,113.92,81.26,18.34,92.3,127.9,880.63,0,0,0.7327,0.0744,214.9069,5.9675,0.5387,0.2732,0.9618,11,1755.24,2,0.0079,0.0212,0.0984,16.3349,0.053,1,0.0119,3172026.28,106.2744,1
MOONG_199,34844.5,766.74,273,165,1.6545,0.7448,0.7735,0.8033,85.87,76.96,57.65,18.93,94.54,85.87,863.59,0.033,0,0.8373,0.3066,164.733,6.4579,0.4847,0.2181,0.9461,13,2751.09,4,0.024,0.0202,0.0674,20.705,0.0291,0,0.0274,3891608.63,111.685,1
MOONG_200,36900.5,880.97,225.68,221.98,1.0166,0.5975,0.7366,0.6007,141.51,125.12,92.18,17.84,87.84,141.51,1613.37,0,0,0.8386,0.1164,330.4888,6.6325,0.5592,0.274,0.9573,14,2120.56,1,0.0126,0.0875,0.1917,18.2588,0.2158,1,0.0429,5822813.58,157.7977,0
MOONG_201,48219.5,870.14,300.03,188.83,1.5889,0.8003,0.8511,0.7851,68.46,59.8,49.47,49.73,98.87,70.74,627.79,0.1405,0,0.669,0.3199,92.4788,6.2289,0.5341,0.207,0.9539,8,3274.33,8,0.0922,0.0076,0.0568,21.6337,0.0148,0,0.0869,5601245.21,116.1614,1
MOONG_202,49216,894.61,270.82,231.93,1.1677,0.7728,0.7835,0.5541,54.68,52.29,51.77,52.89,51.12,59.47,393.86,0.3596,0.0419,0.48,0.2416,72.7963,6.0118,0.5538,0.2605,0.9524,16,2339.63,1,0.0037,0.0184,0.1123,9.1328,0.0336,0,0.152,7627816.25,154.9865,1
MOONG_203,35189.5,857.71,267.34,163.67,1.6334,0.6011,0.8042,0.775,49.21,43.89,48.23,66.69,69.06,56.14,430.73,0.5266,0.0299,0.2188,0.3512,88.0224,5.775,0.5641,0.2631,0.9288,11,1610.41,2,0.0039,0.04,0.1957,18.0181,0.1462,3,0.2344,3749716.69,106.5578,1
MOONG_204,36745,827.27,263.34,178.37,1.4764,0.6747,0.7823,0.7233,41.36,41.63,46.93,74.23,60.84,50.74,386.43,0.6817,0.105,0.3395,0.0666,64.5147,5.7077,0.5503,0.2887,0.9416,15,2226.35,0,0,0.0277,0.1568,14.9273,0.0514,1,0.2834,4386991.76,119.3902,1
MOONG_205,38221,777.84,255.62,178.59,1.4313,0.7938,0.8372,0.7209,40.37,37.24,43.37,86.16,53.9,46.61,263.52,0.752,0.0574,0.1101,0.3462,71.2701,5.3025,0.5662,0.275,0.9178,1,931.21,3,0.0037,0.0196,0.0745,15.4706,0.042,0,0.31,4269000.46,111.6925,0
MOONG_206,58551.5,1230.68,299.05,254.64,1.1744,0.4858,0.7689,0.5671,79.82,67.69,77.27,67.99,85.02,91.96,869.93,0.0098,0,0.0301,0.4394,74.0442,5.9727,0.5979,0.2429,0.9725,29,1836.25,5,0.0225,0.06,0.3569,11.7386,0.0614,3,0.0288,10153221.67,173.4067,0
MOONG_207,47809,900.75,299.38,202.28,1.48,0.7405,0.7895,0.7278,51.79,50.86,36.55,38.43,87.67,52.87,334.16,0.4974,0.0207,0.8162,0.0226,66.1832,5.7615,0.5812,0.3159,0.9521,13,2505.31,3,0.2269,0.0161,0.1097,16.7114,0.0298,0,0.2732,6414020.84,134.1593,1
MOONG_208,50348.5,933.17,266.72,242.21,1.1012,0.7266,0.7794,0.5601,76.61,65.27,53.57,50.6,92.72,76.63,850.91,0.0837,0,0.6389,0.6979,109.6694,6.2255,0.5465,0.2289,0.9581,17,2564.64,8,0.0593,0.0247,0.1328,11.468,0.0318,0,0.0594,8192752.81,162.7209,1
MOONG_209,27188,637.9,202,156.27,1.2926,0.8396,0.8613,0.6381,62.89,52.71,45.8,43.72,79.63,63.65,415.17,0.2182,0.0044,0.4727,0.6962,105.9193,5.9701,0.5559,0.2783,0.937,11,1862.57,2,0.1434,0.0096,0.0601,9.6169,0.0109,0,0.1333,2582657.06,94.9925,1
MOONG_210,29465,730.16,214.43,184.39,1.1629,0.6945,0.7452,0.5433,53.9,44.97,30.23,19.16,124.67,53.9,528.23,0.4793,0.0535,0.7886,0.6357,109.402,6.105,0.5137,0.2498,0.9224,10,2937.74,3,0.0063,0.0411,0.151,7.6135,0.068,3,0.2086,3817423.79,129.5579,1
MOONG_211,71471.5,1100.31,362.95,247.79,1.4648,0.7418,0.7947,0.7553,73.51,64.66,50.73,18.07,85.99,73.51,509.45,0.0316,0,0.9579,0.7022,64.861,5.986,0.5457,0.2481,0.9703,22,2320.89,0,0,0.0168,0.1068,22.646,0.0317,0,0.0192,11668070.8,163.2549,1
MOONG_212,45420,854.32,296.35,201.81,1.4684,0.782,0.7594,0.7661,97.81,95.95,85.33,56.27,42.21,98.8,556.31,0,0,0.6702,0.0544,116.2559,6.046,0.5856,0.2327,0.97,10,1778.23,0,0,0.0129,0.078,17.8428,0.0261,0,0.0052,6319871.82,139.1429,1
MOONG_213,64689.5,1022.36,306.88,265.92,1.154,0.7777,0.7927,0.6087,177.01,162.03,130.17,20.27,66.41,177.01,940.16,0,0,0.6668,0.0003,189.7741,5.9086,0.5956,0.2273,0.9807,20,3262.19,4,0.0055,0.0179,0.0989,13.5555,0.0262,0,0.0079,11362238.72,175.6427,0
MOONG_214,78609,1163.54,366.59,260.51,1.4072,0.7297,0.8231,0.6813,90.58,72.68,44.42,17.35,129.47,90.58,774.62,0,0,0.8984,0.5748,66.0212,6.0649,0.5825,0.2815,0.9756,12,2443.34,0,0,0.0214,0.1226,19.3719,0.0726,1,0.0115,13026952.71,165.7183,0
MOONG_215,67288.5,1302.41,326.77,255.64,1.2783,0.4985,0.8055,0.6913,78.72,66.78,48.05,17.55,105.39,78.72,587.78,0.0185,0,0.8774,0.7459,73.2397,6.0861,0.6002,0.3091,0.9704,18,3077.92,2,0.0014,0.0589,0.3285,23.8126,0.269,3,0.0465,11181212.81,166.1683,1
MOONG_216,7010.5,325.32,104.36,82.63,1.2629,0.8324,0.8129,0.6122,40.08,36.15,26.81,23.21,88.24,40.1,468.61,0.6956,0.454,0.8946,0.3844,197.1395,6.0404,0.4601,0.2289,0.8311,1,431.43,0,0,0.0196,0.065,4.4405,0.0424,0,0.2864,373128.07,53.2242,0
MOONG_217,101693.5,2073.51,498,437,1.1396,0.2972,0.4673,0.9252,157.53,163.31,165.3,96.96,16.2,166.27,383.2,0.0005,0,0.0296,0.0009,122.6312,5.5009,0.7999,0.5241,0.9908,26,1872.44,4,0.004,0.2024,0.2917,73.8639,0.1763,2,0.0595,49795585.02,489.6634,1
MOONG_218,44706.5,882.83,304.21,185.7,1.6382,0.7208,0.7914,0.801,100.93,97.38,72.97,25.53,77.77,100.96,719.62,0,0,0.8372,0.0004,115.8428,5.6863,0.5924,0.2278,0.9697,12,1605.58,0,0,0.0258,0.1025,21.0395,0.0621,1,0.0114,5492739.98,122.8622,1
MOONG_219,37540,791.61,282,170,1.6588,0.7528,0.7831,0.7924,112.22,100.21,80.43,18.06,77,112.22,763.08,0,0,0.9048,0.3621,244.528,6.0489,0.5337,0.211,0.9427,11,1802.68,3,0.0082,0.0161,0.085,18.1885,0.038,0,0.0095,4267225.3,113.6714,1
MOONG_220,43669,837.96,290.69,181.39,1.6026,0.7815,0.8282,0.8001,104.94,93.48,79.7,15.82,64.82,104.94,663.74,0,0,0.7265,0.5666,213.8353,6.0294,0.5329,0.2206,0.946,10,2020.9,3,0.0087,0.011,0.0665,21.2156,0.0187,0,0.0067,5007869.22,114.6779,1
MOONG_221,41390,828.47,236.84,211.58,1.1194,0.7578,0.826,0.6275,129.06,108.3,67.98,19.19,121.07,129.06,1200.89,0,0,0.8989,0.0418,192.2335,6.2344,0.5823,0.2978,0.9656,14,2429.09,1,0.0007,0.021,0.102,11.3676,0.0284,0,0.0072,5551459.38,134.1256,0
MOONG_222,33800.5,721.35,234.78,168.19,1.3959,0.8163,0.856,0.6843,130.43,112.59,80.06,19.08,98.35,130.43,1117,0,0,0.9533,0.0956,273.4863,6.3866,0.456,0.1438,0.9362,5,1548.67,4,0.0186,0.0135,0.0571,12.1715,0.026,0,0.0109,3477482.29,102.8826,1
MOONG_223,23182,614.96,228,124,1.8387,0.7703,0.82,0.8393,105.81,94.74,86.37,12.86,49.06,105.81,582.78,0,0,0.2382,0.5313,271.0681,6.033,0.4686,0.1745,0.9237,5,1567.33,4,0.0161,0.0096,0.0489,16.7218,0.0166,0,0.0084,1835594.89,79.1819,1
MOONG_224,20837.5,568.26,195.81,135.62,1.4438,0.8109,0.7846,0.7421,116.02,106.64,79.74,21.12,84.98,116.02,789.1,0,0,0.9573,0.0111,249.2302,6.0037,0.5346,0.2626,0.9505,10,1393.91,0,0,0.0141,0.062,11.9874,0.0206,0,0.0049,1885845.21,90.5025,1
MOONG_225,33710,747.81,274.74,150.55,1.8249,0.7575,0.815,0.8358,115.11,105.47,83.24,20.02,75.14,115.11,761.67,0,0,0.9207,0.0793,240.2122,6.1206,0.5296,0.2416,0.9507,9,2237.64,4,0.0086,0.0128,0.0661,22.0864,0.0305,0,0.0082,3260502.13,96.7221,1
MOONG_226,39079.5,795.94,284.9,172.78,1.6489,0.7752,0.7939,0.8021,145.71,132.18,105.28,18.8,74.02,145.71,865.65,0,0,0.8694,0,307.7902,6.2011,0.604,0.2835,0.9609,9,1718.17,2,0.0146,0.0126,0.072,20.8869,0.0185,0,0.0087,4453229.58,113.9531,1
MOONG_227,53010,910.52,313.63,214.6,1.4615,0.8035,0.7876,0.736,131.79,125.26,110.56,19.8,43.43,131.79,665.42,0,0,0.8757,0.0037,171.4313,6.3291,0.5784,0.202,0.9711,18,2087.34,2,0.0022,0.0122,0.071,17.0331,0.0224,0,0.0053,7562392.6,142.6597,1
MOONG_228,57695.5,987.39,349.28,208.67,1.6739,0.7437,0.7916,0.8115,135.92,122.52,90.43,20.66,87.87,135.92,1114.9,0,0,0.9658,0.0031,162.16,6.3446,0.5726,0.2312,0.9741,20,2546.2,1,0.0005,0.023,0.079,26.6553,0.0581,1,0.0106,7963166.45,138.0206,1
MOONG_229,56306,997.9,362.34,195.27,1.8556,0.7105,0.7958,0.844,161.82,147.9,112.57,19.31,79.82,161.82,1240.06,0,0,0.8097,0,238.0097,6.2919,0.5673,0.1928,0.9693,14,1411.6,0,0,0.0213,0.0824,27.6835,0.0403,0,0.0083,7234149.54,128.4792,0
MOONG_230,58797.5,987.94,354.01,200.55,1.7652,0.757,0.8282,0.8353,126.5,116.81,90.25,20.64,76.37,126.5,837.18,0,0,0.9068,0.0379,162.4233,6.2481,0.5765,0.23,0.9707,7,2096.64,1,0.0085,0.0131,0.0701,28.5203,0.0317,0,0.0083,7455245.52,126.7953,1
MOONG_231,42323,846.52,304.75,185.18,1.6457,0.7422,0.7499,0.8136,138.39,116.6,76.93,17.79,112.29,138.39,1304.64,0,0,0.7846,0.0677,231.3837,6.1931,0.6078,0.2784,0.9628,8,1505.89,0,0,0.02,0.0796,23.5358,0.0286,0,0.0069,5472090.98,129.2936,0
MOONG_232,62780.5,1004.08,329.74,230.21,1.4323,0.7825,0.827,0.7182,119.46,109.54,83.37,20.95,80.64,119.46,764.21,0,0,0.9385,0.0357,145.7418,6.0332,0.5527,0.1947,0.9672,11,2189.28,5,0.0062,0.0171,0.0773,18.4826,0.03,0,0.0083,9150202.05,145.7491,1
MOONG_233,72692,1141.4,396.62,225.14,1.7617,0.7012,0.8141,0.8293,131.23,119.46,93.85,18.71,77.3,131.23,1010.45,0,0,0.7912,0.0463,149.4967,6.3965,0.6176,0.3363,0.9793,21,3013.29,5,0.0107,0.0194,0.1073,31.7355,0.0298,0,0.0101,10526049.4,144.8034,1
MOONG_234,52325.5,897.82,267.22,236.03,1.1321,0.8157,0.8296,0.4878,149.13,139.43,118.99,19.27,55.02,149.13,1037.98,0,0,0.9041,0.0004,283.8159,6.357,0.5784,0.2724,0.9682,16,2809.2,3,0.0113,0.0152,0.0734,9.96,0.0273,0,0.0092,7794617.58,148.964,1
MOONG_235,72077.5,1134.53,394.36,242.9,1.6235,0.7037,0.7525,0.8086,154.98,131.84,93.45,17.81,101.33,154.98,1185.55,0,0,0.8478,0.0001,162.0793,6.12,0.6117,0.2827,0.9794,16,1741.44,1,0.0013,0.0265,0.0967,29.3849,0.0457,0,0.0103,12182514.27,169.0197,0
MOONG_236,40491.5,802.34,240.47,212.6,1.1311,0.7904,0.792,0.6055,153.68,144.21,122.16,19.8,55.05,153.68,898.31,0,0,0.9455,0,329.7241,6.3543,0.5762,0.247,0.9623,14,1901.84,3,0.005,0.0269,0.0834,10.2077,0.0525,1,0.0121,5691073.42,140.5498,1
MOONG_237,69161.5,1087.76,362.56,251.04,1.4443,0.7345,0.7599,0.7696,133.58,130.06,121.66,57.15,33.31,135.44,802.01,0,0,0.6176,0.0114,164.7996,6.2529,0.6007,0.2677,0.9781,15,2004.81,2,0.0018,0.0256,0.0939,24.1814,0.0636,1,0.012,11963531.98,172.9796,1
MOONG_238,52504.5,936.68,299.91,221.25,1.3555,0.752,0.7913,0.7043,141.89,123.81,86.99,19.15,100.97,141.89,1218.62,0,0,0.933,0,234.533,6.1774,0.5614,0.2071,0.9604,18,2061.82,0,0,0.0275,0.0986,15.7677,0.0586,1,0.0114,7687179.39,146.4099,0
MOONG_239,31182.5,706.68,235.46,176.51,1.334,0.7846,0.7503,0.7306,129.76,117.67,90.31,19.42,79.93,129.76,961.7,0,0,0.8288,0.0452,259.4335,6.369,0.5618,0.2599,0.958,10,1808.34,3,0.0054,0.0153,0.073,13.353,0.0262,0,0.0073,3841117.36,123.1818,1
MOONG_240,47447,919.18,310.54,197.1,1.5756,0.7057,0.7752,0.8062,115.8,105.13,87.03,18.34,67.61,115.8,792.95,0,0,0.8774,0.2139,139.4327,6.2371,0.6334,0.3344,0.9759,10,1999.58,2,0.0017,0.0181,0.1064,23.5859,0.0417,0,0.0083,6316473.43,133.1269,1
MOONG_241,48875.5,897.34,288.09,224.43,1.2836,0.7628,0.7559,0.7475,127.77,116.3,95.88,17.99,67.89,127.77,900.04,0,0,0.8205,0.0515,147,6.3219,0.6044,0.2787,0.9771,11,1776.67,1,0.0006,0.0174,0.0852,18.1315,0.0263,0,0.0063,7597850.97,155.4532,1
MOONG_242,56107,960.06,308.09,237.22,1.2987,0.7649,0.7677,0.687,134.71,124.06,99.29,19.41,70.98,134.71,942.86,0,0,0.9033,0.0506,145.195,6.4821,0.6024,0.2697,0.9792,17,2176.41,4,0.0072,0.0217,0.0967,16.0364,0.0277,0,0.0093,9078065.02,161.7992,1
MOONG_243,34137,738.36,264.66,158.59,1.6688,0.7869,0.8133,0.7902,123.75,126.59,118.39,55.63,21.77,127.52,694.27,0,0,0.2323,0,312.2992,6.3562,0.5314,0.1809,0.9447,16,1894.13,1,0.0008,0.0136,0.058,17.6016,0.0285,0,0.0058,3485194.52,102.0943,1
MOONG_244,39416.5,817.96,282.97,164.47,1.7205,0.7403,0.8469,0.8342,119.74,117.83,98.84,26.39,48.04,120.45,518.89,0,0,0.9676,0,240.0338,6.0169,0.6196,0.3574,0.9642,6,1609.72,1,0.0014,0.0185,0.0701,23.7026,0.0259,0,0.0067,4007756.57,101.6771,1
MOONG_245,41987,817.84,284.31,197.05,1.4429,0.7888,0.7495,0.7162,147.14,138.88,115.51,47.4,58.68,148.78,810.78,0,0,0.7109,0.012,288.7049,6.3693,0.5631,0.2559,0.9642,11,2579.53,4,0.0177,0.0171,0.0715,15.2716,0.0262,0,0.0114,5780091.7,137.6638,0
MOONG_246,43465.5,814.42,235.68,227.63,1.0354,0.8235,0.8102,0.3047,133.02,129.7,105.99,23.61,54.96,133.26,668.08,0,0,0.8696,0,259.3751,6.2774,0.5402,0.2536,0.9621,17,3018.33,2,0.0048,0.0142,0.0752,6.2045,0.0159,0,0.0059,6394252.34,147.111,1
MOONG_247,41969.5,824.2,280.47,191.21,1.4668,0.7764,0.7826,0.7754,156.62,150.74,123.71,23.19,56.14,156.62,836.3,0,0,0.906,0,372.5738,6.187,0.5604,0.218,0.9558,15,2048.22,2,0.0031,0.0189,0.0724,17.7857,0.0329,0,0.008,5369098.51,127.9286,1
MOONG_248,59596.5,984.87,313.18,251.41,1.2457,0.7721,0.7569,0.747,148.24,149.02,141.42,59.09,29.92,153.81,685.23,0,0,0.5582,0,199.83,6.2709,0.6094,0.2874,0.9794,17,2831.92,0,0,0.0166,0.0839,20.1244,0.0292,0,0.0062,10365185.23,173.9227,1
MOONG_249,50438.5,910.28,335.43,189,1.7748,0.7649,0.7956,0.815,151.17,140.49,122.31,17.77,51.22,151.17,822.35,0,0,0.8021,0,214.1476,6.2855,0.5669,0.2115,0.972,15,1965.65,6,0.0143,0.0142,0.0612,24.2771,0.0285,0,0.01,6273810.66,124.3854,1
MOONG_250,39821.5,780.42,236.88,211.42,1.1204,0.8216,0.7951,0.4805,159.29,141.05,106.53,17.54,83.38,159.29,909.2,0,0,0.7532,0.0027,274.8446,5.8669,0.587,0.263,0.9667,10,2131.79,3,0.0138,0.0169,0.0826,6.0557,0.022,0,0.0097,5544224.43,139.2269,0
MOONG_251,36035.5,768.46,269.91,160.14,1.6854,0.7668,0.8337,0.8138,124.91,117.45,92.85,46.52,72.2,125.08,1030.5,0,0,0.7795,0.0147,309.3502,6.283,0.5117,0.1712,0.9363,9,1946.53,2,0.0027,0.0127,0.0621,19.7194,0.0187,0,0.0052,3624204.88,100.5732,1
MOONG_252,38237.5,768.97,243.46,201.41,1.2088,0.8126,0.7798,0.679,125.38,113.14,85.48,18.9,86.32,125.38,1048.45,0,0,0.7923,0.1223,259.1586,6.5309,0.5493,0.2564,0.9557,12,1946.32,4,0.013,0.0134,0.0728,12.9456,0.0237,0,0.0089,5171044.01,135.2349,1
MOONG_253,46480,864.52,294.46,204.97,1.4366,0.7815,0.7701,0.7442,150.14,139.6,108.99,20.68,74.96,150.14,1219.45,0,0,0.8978,0,214.9,6.5138,0.6129,0.2367,0.9737,10,2111.26,2,0.0061,0.014,0.0661,18.6894,0.0298,0,0.0076,6477521.8,139.3615,1
MOONG_254,34095.5,772.91,245.22,169.31,1.4483,0.7172,0.8212,0.7404,132.9,124.92,96.11,22.63,73.81,132.9,827.04,0,0,0.9416,0.0001,306.2483,5.9577,0.6005,0.3212,0.9584,3,1570.07,2,0.0022,0.0395,0.1106,16.8124,0.1166,1,0.0202,3680802.76,107.9557,1
MOONG_255,37973,780.26,226.51,208.72,1.0853,0.7838,0.8032,0.6504,120.55,109.04,75.58,20.92,104,120.55,1234.91,0,0,0.9207,0.0009,209.0865,6.1675,0.5937,0.31,0.965,9,1769.03,0,0,0.0224,0.0802,12.0783,0.023,0,0.0068,5166631.28,136.0607,1
MOONG_256,25347.5,624.2,212.89,149.82,1.421,0.8175,0.7947,0.7097,81.05,76.49,74.34,24.69,21.19,81.06,422.73,0,0,0.2013,0.5967,238.1683,5.5139,0.55,0.2799,0.9215,4,868.03,3,0.0055,0.0153,0.0641,11.7904,0.0333,0,0.008,2502142.54,98.7136,0
MOONG_257,36506.5,772.57,273.6,167.27,1.6357,0.7686,0.7977,0.8019,141.04,126.11,91.82,27.99,88.58,141.13,1206.98,0,0,0.7354,0.0549,257.2843,6.183,0.5915,0.3192,0.9664,14,2519.85,2,0.0035,0.0185,0.0698,20.7883,0.035,0,0.0082,4008172.84,109.7934,1
MOONG_258,41919,823.64,266.09,199.01,1.3371,0.7765,0.7916,0.7391,123.52,111.76,88.13,19.19,78.34,123.52,969.79,0,0,0.8995,0.1247,247.0771,6.3556,0.55,0.28,0.9594,13,2132.63,1,0.0017,0.0171,0.0766,16.2732,0.0352,0,0.0074,5517985.21,131.6345,1
MOONG_259,52517,941.38,340.99,194.89,1.7496,0.7447,0.7902,0.8266,124.76,111.4,80.36,19.86,97.97,124.76,1204.9,0,0,0.903,0.0143,140.7112,6.3504,0.6261,0.308,0.9774,13,2673.66,7,0.0068,0.0144,0.0715,26.6825,0.0194,0,0.0069,6781676.53,129.133,1
MOONG_260,37241,780.58,273.5,168.69,1.6213,0.7681,0.8072,0.791,149.04,127.02,83.37,18.42,114.13,149.04,1673.05,0,0,0.8819,0.0004,302.5449,6.4204,0.5794,0.2586,0.9585,13,1503.83,2,0.0041,0.0166,0.0727,19.3434,0.0269,0,0.0072,4075199.21,109.4278,0
MOONG_261,26955.5,664.46,225.92,145.16,1.5564,0.7672,0.822,0.7799,98.29,87.19,60.13,20.4,105.46,98.29,867.79,0,0,0.9487,0.2357,223.7239,6.2363,0.5108,0.2418,0.9381,5,1009.58,2,0.004,0.0177,0.0718,15.4841,0.0432,0,0.0091,2492569.12,92.4698,1
MOONG_262,34068,742.87,257.39,177.48,1.4502,0.7758,0.7458,0.7567,150.37,133.88,95.86,19.49,98.11,150.37,1490.48,0,0,0.864,0,295.044,6.2391,0.5881,0.2847,0.9645,6,1508,0,0,0.0177,0.0754,16.3947,0.0256,0,0.0061,4245241.25,124.6108,1
MOONG_263,28416,649.39,193,182,1.0604,0.8468,0.809,0.3732,143.68,130.16,87.11,20.77,106.36,143.68,1470.61,0,0,0.837,0,343.77,5.8295,0.5448,0.188,0.9414,7,1315.44,0,0,0.0142,0.0632,5.1487,0.0248,0,0.0053,3347331.37,117.7974,1
MOONG_264,32789.5,744.94,272.44,152.42,1.7874,0.7425,0.7896,0.8235,134.1,119.58,88.51,19.39,92.1,134.1,1169.38,0,0,0.8699,0.018,318.4129,6.2526,0.5416,0.2236,0.9471,8,1729.52,4,0.0144,0.0111,0.0634,20.6907,0.0214,0,0.0087,3314078.33,101.0713,1
MOONG_265,31990,720.5,251.45,163.2,1.5407,0.7744,0.7796,0.7933,137.98,130.27,96.08,22.5,83.35,137.98,1186.11,0,0,0.9574,0,320.3682,6.3336,0.5305,0.2236,0.9523,12,1255.24,1,0.0009,0.0195,0.0676,16.8543,0.0294,0,0.0071,3506606.01,109.6157,1
MOONG_266,38923,776.47,266.56,184.87,1.4419,0.8113,0.7899,0.7391,144.26,121.71,79.17,18.51,114.36,144.26,1362.02,0,0,0.7968,0.0004,250.0484,6.2118,0.5795,0.2894,0.9633,7,2768.87,1,0.0022,0.015,0.0651,15.9094,0.0245,0,0.0061,4769950.73,122.5484,0
MOONG_267,36423,875.27,283.22,165.53,1.711,0.5975,0.7769,0.8022,112.22,95.81,63.92,18.2,115.2,112.22,1155.8,0,0,0.8044,0.324,239.2423,6.1446,0.6042,0.315,0.9504,16,1636.62,0,0,0.0878,0.1347,21.7383,0.1617,2,0.0337,4063110.93,111.5534,0
MOONG_268,39692.5,806.6,272.09,182.86,1.488,0.7667,0.7978,0.7911,131.65,124.31,82.27,23.18,100.63,131.65,1170.04,0,0,0.9192,0,291.7426,6.072,0.6075,0.1998,0.9453,12,1207.12,0,0,0.0235,0.0767,17.8701,0.0373,0,0.0084,4763714.96,120.0155,1
MOONG_269,43132,842.18,309.27,178.04,1.7371,0.7642,0.7833,0.822,113.15,100.67,70.09,20.49,103.59,113.15,1013.7,0,0,0.9259,0.0346,136.894,6.344,0.6173,0.2495,0.9707,12,2175.39,2,0.0032,0.0111,0.068,23.3808,0.0244,0,0.0056,5132797.72,119.0021,1
MOONG_270,30609.5,728.26,251.62,157.74,1.5952,0.7253,0.7712,0.8085,133.14,126.07,90.22,22.22,82.75,133.14,1304.87,0,0,0.8113,0.0292,364.3949,6.521,0.5469,0.2411,0.9474,13,1794.92,0,0,0.0225,0.074,19.9374,0.0398,0,0.0085,3277929.54,107.0886,0
MOONG_271,52871.5,954.02,329.15,202.14,1.6283,0.73,0.7946,0.801,112.6,108.09,92.39,46.95,53.08,112.76,933.45,0,0,0.7397,0.0702,117.3594,6.2986,0.5971,0.2808,0.9793,14,2136.29,5,0.0042,0.0205,0.0909,24.3556,0.0343,0,0.0088,7042036.01,133.1915,1
MOONG_272,42498,830.3,294.19,178.64,1.6468,0.7747,0.8087,0.8071,117.89,107.57,83.98,18.97,80.12,117.89,971.06,0,0,0.7913,0.0818,214.404,6.3526,0.5275,0.2157,0.9564,14,2281.15,3,0.003,0.0127,0.0676,21.6607,0.0222,0,0.0057,4915452.34,115.6631,1
MOONG_273,61193,1011.09,348.01,217.41,1.6007,0.7522,0.8088,0.7898,91.42,85.89,69.24,33.86,70.56,91.45,759.5,0.0013,0,0.7892,0.093,91.6589,6.2027,0.574,0.2636,0.9748,16,2038.32,4,0.0046,0.0167,0.0839,24.7313,0.0287,0,0.0081,8613020.16,140.7517,1
MOONG_274,32242.5,717.05,240.35,168.79,1.4239,0.788,0.7948,0.7583,121.6,114.5,76.82,22.86,102.17,121.6,1184.37,0,0,0.9059,0,229.0438,5.8231,0.6135,0.3097,0.9622,7,1382.01,0,0,0.0186,0.0681,15.8987,0.0351,0,0.0072,3585500.31,111.2042,1
MOONG_275,24052,615.33,195.87,160.4,1.2211,0.7983,0.7656,0.6994,112.2,100.5,79.54,17.75,82.29,112.2,1038.14,0,0,0.8103,0.2673,262.2099,6.3712,0.5221,0.2567,0.948,11,1826.24,2,0.0051,0.02,0.0715,10.7389,0.0403,0,0.0095,2638568.96,109.7027,1
MOONG_276,80145.5,1151.05,333.82,286.91,1.1635,0.7602,0.8368,0.5568,111.27,103.39,72.58,21.87,94.7,111.27,939.28,0,0,0.8758,0.0631,113.0912,6.3744,0.5303,0.1525,0.9679,23,2288.82,1,0.0006,0.0275,0.0833,17.0996,0.0775,1,0.0134,14387910.62,179.5224,0
MOONG_277,38427,794.41,286.52,166.1,1.725,0.7652,0.8074,0.8217,104.14,92.98,69.32,18.83,92.59,104.14,928.13,0,0,0.7997,0.156,160.2754,6.4165,0.6032,0.3344,0.966,15,2229.76,4,0.0045,0.0145,0.0655,22.8126,0.0232,0,0.0066,4139022.02,107.7113,1
MOONG_278,48554.5,883.11,302.82,209.12,1.4481,0.7824,0.7668,0.7478,113.58,98.12,62.98,18.31,114.52,113.58,1124.51,0.0023,0,0.7438,0.1598,100.5535,6.3972,0.5693,0.2277,0.9758,15,2418.18,4,0.0094,0.0205,0.0812,17.5631,0.0448,0,0.0123,6933618.46,142.8007,0
MOONG_279,42692,861.15,311.72,166.53,1.8719,0.7234,0.8224,0.857,101.17,86.84,65.5,16.81,97.39,101.17,916.52,0,0,0.759,0.531,110.6601,6.44,0.5888,0.2973,0.9731,18,2861.4,2,0.005,0.0153,0.0703,27.1482,0.0236,0,0.0069,4526358.34,106.0236,1
MOONG_280,41512,792.93,245,219,1.1187,0.8297,0.7737,0.6651,120.47,104.08,59.69,20.02,124.68,120.47,1373.24,0,0,0.9134,0.1788,176.5827,6.3975,0.5541,0.2208,0.9604,15,2180.54,0,0,0.013,0.0629,12.6602,0.0255,0,0.0052,6152518.61,148.2106,0
MOONG_281,33881.5,768.34,200.88,200.66,1.0011,0.7212,0.8406,0.4295,72.7,64.09,39.91,21.29,126.67,72.7,687.47,0.0179,0,0.9359,0.1608,125.8368,5.6123,0.5661,0.2989,0.9445,11,1732.36,0,0,0.0283,0.1285,7.295,0.0466,0,0.0175,4234891.35,124.9913,1
MOONG_282,23216,598.7,197.06,143.16,1.3765,0.8139,0.8229,0.6857,98.46,87.05,61.01,20.29,102.58,98.46,780.84,0,0,0.9542,0.2194,246.4151,5.9091,0.5159,0.2448,0.9304,3,876.29,3,0.0148,0.0126,0.073,9.7489,0.0358,0,0.0105,2114800.17,91.0924,1
MOONG_283,23703.5,605.09,206.61,140.87,1.4667,0.8136,0.8144,0.7561,99.82,87.04,60.91,19.53,105.29,99.82,771.09,0,0,0.9372,0.2738,243.3871,6.0627,0.5142,0.2492,0.9316,7,1434.49,2,0.0102,0.0104,0.0626,13.4244,0.0223,0,0.0074,2146874.8,90.5721,1
MOONG_284,38344,767.09,241.47,190.71,1.2662,0.8189,0.8327,0.6488,118.53,101.81,54.47,21.32,142.54,118.53,1266.97,0,0,0.9441,0.0113,199.2001,5.8967,0.6119,0.2983,0.9581,6,1255.19,0,0,0.0133,0.0701,11.5025,0.0192,0,0.0046,4598248.5,119.9209,1
MOONG_285,34860.5,785.91,247.86,173.04,1.4324,0.7092,0.8128,0.7362,108.64,95.96,65.23,20.35,109.31,108.64,1048.32,0,0,0.9437,0.1155,262.7649,6.1332,0.5052,0.1969,0.9325,10,1785.47,4,0.0132,0.027,0.1231,14.4639,0.0703,1,0.0164,3885880.91,111.4695,1
MOONG_286,42583.5,857.57,295.76,180.66,1.6371,0.7276,0.797,0.7888,146.32,123.73,68.31,20.5,135.49,146.32,1661.99,0,0,0.9804,0.0172,258.2625,5.6351,0.5658,0.2127,0.9527,9,1880.63,5,0.0055,0.0258,0.0997,19.052,0.0442,0,0.0112,5054333.32,118.6923,0
MOONG_287,35597,771.47,274.26,163.38,1.6787,0.7516,0.7944,0.8107,117.87,104.58,75.14,19.96,99.3,117.87,1079.26,0,0,0.963,0.0961,266.2367,6.0494,0.5162,0.2148,0.9436,10,1690.49,3,0.0115,0.0165,0.0718,19.4709,0.026,0,0.0093,3833024.88,107.6783,1
MOONG_288,32283,728.07,236.93,161.44,1.4676,0.7653,0.844,0.7422,129.29,111.95,74.53,20.98,107.96,129.31,1206.42,0,0,0.9734,0.0539,315.8107,6.3882,0.4513,0.1674,0.93,8,3472.75,5,0.0262,0.0297,0.0724,13.9272,0.0805,1,0.0219,3233173.82,100.151,1
MOONG_289,36450.5,740.65,241.98,177.67,1.362,0.835,0.8479,0.6821,141.65,124.36,85.63,19.88,104,141.65,1196.68,0,0,0.8991,0.0025,260.6929,5.9798,0.5699,0.3084,0.9644,6,2421.05,4,0.0075,0.0104,0.0594,11.6665,0.0283,0,0.0072,3999303.25,109.7187,1
MOONG_290,48226.5,914.62,315.64,205.23,1.538,0.7245,0.7445,0.7529,176.01,153.56,105.92,19.14,100.13,176.01,1567.46,0,0,0.9294,0,199.3748,6.168,0.5802,0.2525,0.9793,12,2461.29,1,0.0027,0.0218,0.1132,18.2235,0.0411,0,0.0093,6960823.89,144.3361,0
MOONG_291,32142,719.53,255.09,157.42,1.6205,0.7802,0.8004,0.815,114.64,102.14,73.07,19.39,100.03,114.64,1048.96,0,0,0.8469,0.0802,260.4295,6.0396,0.518,0.2096,0.9405,10,1667.55,3,0.008,0.0136,0.0604,17.2914,0.0225,0,0.0074,3309896.35,102.9773,1
MOONG_292,26321,659.01,212.35,158.12,1.343,0.7616,0.7839,0.7407,114.04,105.06,69.2,22.44,107.73,114.04,1078.38,0,0,0.9122,0.0264,232.932,6.1336,0.5805,0.3426,0.9577,5,1183.31,2,0.0043,0.0215,0.0739,14.2809,0.048,0,0.0104,2779785.61,105.6109,1
MOONG_293,39607.5,833.8,313.58,159.12,1.9708,0.7159,0.7938,0.8722,77,67.5,40.49,20.69,129.57,77,668.78,0.0054,0,0.9168,0.2747,107.1222,5.9011,0.5635,0.3037,0.9547,10,2130.52,0,0,0.0174,0.071,29.0533,0.0283,0,0.0085,4157041.75,104.9559,1
MOONG_294,32501.5,705.85,208.85,192.75,1.0835,0.8198,0.8074,0.5592,116,97.78,58.19,18.52,125.37,116,1328.85,0,0,0.8485,0.1562,181.8399,6.3245,0.5323,0.2435,0.9579,7,1530.87,2,0.0055,0.0137,0.0694,8.3495,0.0133,0,0.0057,4062704.4,125.0005,1
MOONG_295,43037.5,857.09,298.59,173.91,1.717,0.7362,0.8288,0.8232,111.08,97.9,72.86,18.41,94.5,111.08,997.24,0,0,0.8699,0.272,150.3844,6.2826,0.5595,0.199,0.9635,11,1612.05,2,0.0039,0.0181,0.0698,23.3069,0.0304,0,0.0078,4728171.56,109.8617,1
MOONG_296,35991.5,779.37,273.53,174.38,1.5686,0.7446,0.7546,0.8175,138.72,115.84,71.23,17.93,120.8,138.72,1512.2,0.0002,0,0.8059,0.0847,238.2778,6.2032,0.5157,0.2414,0.9586,11,3064.25,5,0.0174,0.0177,0.0773,20.8406,0.0277,0,0.0116,4354920.05,120.9986,0
MOONG_297,29759.5,698.11,256.6,144.23,1.7791,0.7673,0.8041,0.8321,73.4,63.13,45.03,18.26,110.67,73.4,715.04,0.0602,0,0.8995,0.5915,139.8491,6.1125,0.5118,0.2143,0.9364,6,1600.85,6,0.0385,0.0109,0.0589,20.3309,0.0147,0,0.0393,2794717.54,93.9101,1
MOONG_298,29885.5,711.57,244.27,158.73,1.5389,0.7417,0.7708,0.7794,127.91,113.97,81.31,18.34,92.28,127.91,881.67,0,0,0.7389,0.0726,225.677,5.9682,0.5392,0.275,0.9601,13,1919.83,2,0.0086,0.0227,0.1012,16.2875,0.0513,1,0.0123,3222647.56,107.8331,1
MOONG_299,34866.5,770.4,273,165,1.6545,0.7382,0.774,0.8014,85.88,77.01,57.61,18.97,94.8,85.88,866.74,0.0317,0,0.8243,0.3023,165.8442,6.4597,0.4828,0.2176,0.9457,12,2330.75,4,0.0234,0.0205,0.0722,20.347,0.0287,0,0.0267,3891608.63,111.6145,1
MOONG_300,36913.5,876.97,225.68,222.87,1.0126,0.6032,0.7339,0.6015,141.52,125.14,92.24,17.92,87.73,141.52,1611.71,0,0,0.8584,0.1162,339.4466,6.6352,0.5579,0.2766,0.9564,19,2294,2,0.0123,0.089,0.1853,18.1481,0.215,1,0.043,5869410.59,159.0044,0
